INSERT INTO public.person (birth_date, gender, id_person, first_name, last_name) VALUES ('1999-01-25', 1, 2, null, 'Mirindra Razafindrasoava');
INSERT INTO public.person (birth_date, gender, id_person, first_name, last_name) VALUES ('2004-01-02', 1, 1, 'admin', null);

INSERT INTO public.person_user (id_person, id_person_user, role, email, password) VALUES (1, 1, 0, 'admin@gmail.com', '$2a$10$tjAKNe6D9SE1ZQQDj7nSJuum35KdXMzeTuRShfEXJGp5uQA/uw2Ee');
INSERT INTO public.person_user (id_person, id_person_user, role, email, password) VALUES (2, 2, 0, '123@gmail.com', '$2a$10$POvsStevdKB0OrezN7GXe.HO7h.uyocnSvzg8ghuOT4Jlm0eldPWW');


INSERT INTO public.model (id_brand, id_model, model) VALUES (1, 1, 'Yaris');

INSERT INTO public.fuel_type (id_fuel_type, label) VALUES (1, 'Essence');
INSERT INTO public.fuel_type (id_fuel_type, label) VALUES (2, 'Diesel');
INSERT INTO public.fuel_type (id_fuel_type, label) VALUES (3, 'Hydrogène');
INSERT INTO public.fuel_type (id_fuel_type, label) VALUES (4, 'Electrique');


INSERT INTO public.category (id_category, category) VALUES (1, 'SUV');
INSERT INTO public.category (id_category, category) VALUES (2, 'Berlin');
INSERT INTO public.category (id_category, category) VALUES (3, 'Off Road');
INSERT INTO public.category (id_category, category) VALUES (4, '4x4');
INSERT INTO public.category (id_category, category) VALUES (5, '4x2');
INSERT INTO public.category (id_category, category) VALUES (6, 'Camionette');
INSERT INTO public.category (id_category, category) VALUES (7, 'Coupé');
INSERT INTO public.category (id_category, category) VALUES (8, 'Sport');

INSERT INTO public.transmission (id_transmission, name) VALUES (1, 'Manuel');
INSERT INTO public.transmission (id_transmission, name) VALUES (2, 'Automatique');
INSERT INTO public.transmission (id_transmission, name) VALUES (3, 'Manuel à double embrayage');

INSERT INTO public.brand (id_brand, brand) VALUES (1, 'Toyota');
INSERT INTO public.brand (id_brand, brand) VALUES (2, 'Mercedes');
INSERT INTO public.brand (id_brand, brand) VALUES (3, 'Mazda');
INSERT INTO public.brand (id_brand, brand) VALUES (4, 'Peugeot');
INSERT INTO public.brand (id_brand, brand) VALUES (5, 'Citroen');

INSERT INTO public.version (id_version, intitule) VALUES (1, 'XE');
INSERT INTO public.version (id_version, intitule) VALUES (2, 'XLE');
INSERT INTO public.version (id_version, intitule) VALUES (3, 'LE');
INSERT INTO public.version (id_version, intitule) VALUES (4, 'SE');
INSERT INTO public.version (id_version, intitule) VALUES (5, 'GTi');
INSERT INTO public.version (id_version, intitule) VALUES (6, 'TDi');

INSERT INTO public.model_category (id_model_category, id_model, id_category) VALUES (1, 1, 7);
INSERT INTO public.model_category (id_model_category, id_model, id_category) VALUES (2, 1, 5);


INSERT INTO public.model_category_motorisation (id_model_category_motorisation, id_model_category, engine_power, description) VALUES (1, 1, 150, 'B5 4.4 BiTurbo');
INSERT INTO public.model_category_motorisation (id_model_category_motorisation, id_model_category, engine_power, description) VALUES (2, 2, 170, 'B5 4.4 BiTurbo');

INSERT INTO public.motorisation_version (id_motorisation_version, id_version, id_motorisation, details) VALUES (1, 1, 1, 'sportif avec intérieur raffiné');
INSERT INTO public.motorisation_version (id_motorisation_version, id_version, id_motorisation, details) VALUES (2, 2, 1, 'C''est super puissant');

INSERT INTO public.motorisation_transmission (id_motorisation_transmission, id_motorisation, id_transmission) VALUES (1, 1, 1);
INSERT INTO public.motorisation_transmission (id_motorisation_transmission, id_motorisation, id_transmission) VALUES (2, 1, 2);

INSERT INTO public.motorisation_fuel_type (id_motorisation_fuel_type, id_motorisation, id_fuel_type) VALUES (1, 1, 1);
INSERT INTO public.motorisation_fuel_type (id_motorisation_fuel_type, id_motorisation, id_fuel_type) VALUES (2, 1, 2);
INSERT INTO public.motorisation_fuel_type (id_motorisation_fuel_type, id_motorisation, id_fuel_type) VALUES (3, 2, 1);

insert into car values
    (1,1,1,1,1,1,1,1,'1234 TBA',455),
    (2,3,1,2,2,2,1,1,'0987 RTY',569);

insert into announces values 
    (1,1,2000,0,null,now(),'Une voiture qui sort du commun merci beaucoup',1),
    (2,2,5600,0,null,now(),'Une deuxieme voiture qui est belle',2);

insert into announces_picture(id_picture,id_announce,imagebyte) values
    (1,1,'/9j/4AAQSkZJRgABAQEASABIAAD/2wBDAAYEBQYFBAYGBQYHBwYIChAKCgkJChQODwwQFxQYGBcUFhYaHSUfGhsjHBYWICwgIyYnKSopGR8tMC0oMC
    UoKSj/2wBDAQcHBwoIChMKChMoGhYaKCgoKCgoKCgoKCgoKCgoKCgoKCgoKCgoKCgoKCgoKCgoKCgoKCgoKCgoKCgoKCgoKCj/wgARCAE9AjQDASIAAhEBAxEB/8QAGwAAAQUBAQAAAA
    AAAAAAAAAAAgABAwQFBgf/xAAZAQEBAQEBAQAAAAAAAAAAAAAAAQIDBAX/2gAMAwEAAhADEAAAAdN3K82J3Vn
    JxndxncgXJ1BycFGgUaUXJwHJwUbyxKVKBG8A5uA5uRqR5Y1KiIpHInleWJSoiUqImlRE0rELTNUKlYiaVJCMwkIziRNMiBWJJaDX4Ja7WKc0cclpKTaUUUVfUueTl6PM
    xO4zk4zu4zk6i5OC5OC5Ooo3lBzQDm5G5vAOTqLk8C5OouRAObygjcBydRRqARoBpERtIiNpG
    I2lYiUjEbSNUQyskQyiBNDU4dtcIbnk7DQt1u/OCe2VC7RRLRavZWUy74Enfv5k7kC5OM5PDO
    7qzu4yJwSdKnd4ZE6i5IFyUC5JRJ3lZ5GgXJ6FyeUXJwHJwUbgKREakREpWImmEjaViJpRIhl
    EjaRiNGyg5zYsUdkM2uiPcETzOHWSnVinTbfmIrOlXNreeiJ16fEiydGpnRCdPKndxnd1Z3e
    Gd0J3Sp04nYpWROC7lKDkeNAZlZE8xakDyIBzcBG9gObgObpGpFUalYiaVpYmmRANhparTw86
    DSqoUbURwtKgJUhsQebpiVt4/N6eYq9ZQmuYj3h7TAW4tzU5zpfHvf8AMs7PODrPrV7meo59G
    J3GckMSdU6IZ3cF3cFycFzIjI3lCRFmiaLNN4y6YGV0AiemcnuRRqwXdCSVJJxkkMnQkkJnGG
    FDnQgYY3GMrEQzMQtK0sKNwCkWbQi1S4dc2W4kBSrecjxr2/xT1+eETbfP0TpsDpOHorTYHDb
    5est55bXU0eP0c9e4KUmYXmeoXmIhKYiI5SsheZ7IHelLdXO6Uui+aNmq+fNZadiuUnVM6QkkJJ
    CSQkkJnQySEzoAJWzYWlWdQqZyBTortZArFyFOu7Lkkde8Wemufn4ax6AuHUdd4h7B5XOmZJYl3
    j0Doszd4daXlHr3n/Tnm0ugobxc0x0eHp6d6bb53X5wl6J8DRTQeDndZ2sHJzd46Bee5lnqA+Y
    atz1d/NuXOi1ZjWLKki5NnFjrs3+c0ZveWYBrLGsy6Cr2LlJKkkhJISSGTxwadU3NdLwmbub/AJl
    oXPeriK9vf5nG40rQT5G+V+/idJY9hMzTz+ia4zFpJaWaOXz9Vu1UCX1abmYsap28Pc3zcaw65
    7Jc3LLr3cYMdSt58lmno1cxLlK8u/lz/NejWOvGD6FTz04w+kl6csPt+avJ0Q07Gucxhv51kW8
    izc3LORda1bVO5naoaEmO02ljS8OuogPtySSpIKmbeWVVXfHmI061cM62q0EKVgqUN89PU4f
    p104q+IdSPGxa59fVw3L1LRw47KWxDvkCFJzuXeoc/VbGaKzr8pRTUmrnRlAemguc67aih6ejrLi9
    BrDc87d0K3TjXrWoLnzk/QRzricn0uI8uH0jLa4TRxrOd9BvVtLfKxayJE2pMSRdqxi2s66AMuadLbRTyyywQTTXaD8e
    s0Fi9nWHjdrXmuCm62HpnMHSqa5RCQjmLmVwXe8Fvm5RvrJshURhFLPccF6UUMPsObzb3P72BvmkKmo5r
    m5nUtG6zeHBtkxiXNezYTRU3TVhoXpeiazR3wr0Zp9csiv0al5bK71TXGzdY1nKrqmOVHqmPPy70ZeUk6Nq
    wrGmCUR057MMtOgrz5cc1vHz6XaWdDNb9rjHa72Lh5zs7HJS3PXnxxp2UvGzR1NfC0Jp8zpJMa8/4X1vgawG3
    m1zxJ7YFELSiHQCdGEhl1MjSytZNCi3v8huZ3uy589los+0WDruWGiIrRnlZ6bPPcrqaz3VzzzVvPpIONqZ6
    ejTeayWelH5xMnoS4SaztVyEp1A8/LZqV61tE+1yhoc9wKz173R8zkru42s6509StEdjjU+gjOo6MbXO0OwF
    OW2iilHPp5db74Cjom5+zXR6nJV5fQC89lmvSbMRa48lQsVIjrSxZ1taGZfmqFW865fN9NzGsyqst5i6Pbm5
    9cybUkMiTXYq19Qlz1pkYvO9752YUZhps6WHYmOgGHel5mt6DJc+bN3GWvOHfqrGQxlgqiS7r85rTXbeRdLi
    KUbZ1WBDRlrei85DZ3IWy6cKFXUmjldS9UzuSziVjp+Ev0CnW1aU3XVRpqzbyUbc+FLZLfxevjr4rr2YlTYl
    Z5GXp5GeQLrQXkx6msc1B0tMxFqqzpDd89hZOqJOJ044kwHnHo3GJxOzSuGecUesb+Nr38zlT6WppFqc/TXv
    rXmSPT6fnt2XpqlO6le0Qy5BqhVXRzfXOHo5ClQr6x0k3JLpj0va5HbvPRlzrVzJBHz2s9GPHwy9uXCkdRSx
    HWLP2Y86xBmxmtebCTXRdLwW9J2V3hfQs9Oar9aCcfD2kdnHV+2BODXcwWcnL0EdmStJHRKms9LpUyL6puWn
    qIuNUdZuW6GlHmsk9fpyrwuy29LC7fOql/UoxLPjU03IciC51c+GxrOZQ7C+nn0veVV5avI003oHnvScO+NY
    rh34TC1ld2xy2pJsNRwbJ8gq7TpITiQyG1ZENquRRyDNCjRPYoEeg9Zi7+Ng0okQTiVQu1yEJwqBrEZGpEA8CZslARKoQJ1WYsRQxLPWGCMrC68NZ49dexzN3UbO8kdWGXOC7XsgEoUeJgsADbWZLdApZniYsEEVnp3D2Tl5/ucSFbNSqN57OB1D2cS+jE1TVtFNXCImtOmYpU1G0vQS85P6RZzrzXV7ixLn6jPNEzEgs7UhIbAExACZiBSJM8mO4FiMBEiJSAMKAYJkV3mRWeVLAFsimFsSkOg5mx6jGTBtgmFDvic5F0oHMh0sBzj6+dYrGeS2mpiSRvOs1iqXLtePPLPSxCjQp4AXQ5+3X3yge0W+VS3I6a2xylzHTrbfMX89OhkyLFmiqZ2WXgOwxZrEzsgpCJOjHkhluDZ0MkiNTSEUczleUUGzAEDiOKZTEpAHIRJnRwZ1GG4JWjtiVSnEggukZYa5JhDsMZLbDriDvNGEt9152Tc
    aXGfaZcYdh7nKm0RKz2mKxWJErzSkonKcoE5K5CKuURpJIL2MhQk6rOOB3Od65BNCSzHEY7xMTiyHcWDjAgkxKxk6MMokJSuojOxC8xJXC05Te0xVKVEMVwVpnOiJrKKrWY0iGQVFSOM6EkTSgDYSVnmYrtYZYXMR5IZYkYHDUaUiQkggykmIdEig8D3nMCMBmS2oxjJTjITtKA0qImlIjd0qcHJDjdDZkrGyBRsKQQDUbhpiSN5Ix3YFNCyTlCJK0Moo5REwCOmMEmYOWEwnFghTgihVijAnaMx0owmEpSZmEjRUUJ3BmJABPEsrOBIq8hM9eYmaSMYJhBkGVY2ZxAkSy050sCYkIyArkLoMc8y1pUwSjcUcsBK0REg15QnjMRxyBKF0lBGRO5AuIkjROsxVZAxBEjwShPHIKM4xlIiEL8BCpkf/8QAMBAAAgICAQQBAwMEAgIDAAAAAAECAwQREgUQEyEUICIxI0BBFSQwMjNCNFAGJUT/2gAIAQEAAQUC/caNfRr6NdtGjRo0aNd9
    fVo0aNGvr0aNGjXbRo1+81/i0aNGjRo19Wv8OjRo4niZKHE0P0S2yMJCrY6TxHjX/vIcBz0KTbn+G0P7iFRo0Mtnoe3/AO7bEpbjBiXEsFXsikjY5DsJyb/98jbHvvv0yyago3cn9rNQNfvdfvtGtIl77RiSaip5D1J7F6JWtPyyb8z/AH2v3qG0N9tF0uKlZsex7JbHWzjr6MnOpxp1TVlf7ZMj9zcdCXb1+x0NGjiPSJSQvY19aZKHI8KPGiVSJwghqLHVFnxd9srqdVTzciWXZ0/qKxsfFuWRT+0SHXFlceJv2JPfE1+z0aRpGlEf1rvoshOb+O2LFQseIq12s/5n/vI6Cv7T/Po0aNGvpRv97o0aEjX0fg2fcakNDX6r/wB5fjoK/syc4Q7y5av6qq5YedXk/To0aNGjRo0aNGjRo1+90aNGhI0aNGjijXbiOJL1dHblI6Ev7HR1zH8uHG67SyclFHUMn5OUt5XRIf3XE0aNGjRo0aNd7LI
    VqeSuD6mlP5iPmxF1Gg+bjkcmiQmn+30aNGjRolpK7qk+a6tcLrXqnq0520312x6nfZRGWTfIWRej5OUPWrY/
    q1x9yj66HH+w4llfOueP9s4uMZUJO6H6/R69ZGjRo0aNGu2Tl0Yyl1S208nUJHKQ3Wx+OS+FjucUqX8j1GcRZ
    DPNFko0TK4KI52wji2Ttp/Z5XUJ0343UFZP6M63jC+Or9GjDj9/6fklyZkTlBxldNuG3h5CtpnHdtUPvlE6NH
    +xeoqyyMaqoF8Cyr9WUd2dO/SksytmXk+GHzrxZ1ws6zePk+aUbN1ZU8u2X9pjTy+ruErerWSJ51kiF9kirNs
    qK7VbCuw5HI5imbOTFbojNCnsl5YlWXyPkFdnP/H/AN+/Vl+tWuMY5Fwsq4n1mVJLrtmn1Oy2zE5ZE7bLo3Rj
    mTMWE66px5Tchfh9sS2Cn/a86Yw5Kuprpa1h9Q/8KMuNtK9ZEXqFer9LlpH851n3O61NW84y/OH9s7M1UrxXX
    F84YWNGq7MtnXOEkj8G9rAyvBZyFLkuRyOQpjUoHMrltpilJFsKshON+OYc42R/xf8AbtykuodQ+7Ij+brIUk
    cqidtnS+b/AKZFEceiJ9sVzRK+ESWZUiXUKCXUIFMudPan/l1uzHXuZRnPGx8vNlbh8nuau8XHLZd5ows+XGU
    ZWs1I1dpu7wpZkiK8OO535pVVCmEmddu+7/4wv7vM18/43mHPxyWbajIthkrE3VQpab9qiCnO/Fqhi7J2ykJl
    HuzRE/mLaHWpOGQ4y2td5SUU8mCHmRJZzJZdrHZe1N27hK0dbbuxK7o5eJVi15Wf8qO6CHWWovrW4yykx2QkS
    WO2l0/VeFBysxKnhVV+Lqln/K9HOoT1a19+N6LPaxv+DPn5KIU2GTGPgup5OirjVZVW7a6uLm4KMvFPHhCSKK
    FUZFPkvOKasUUZuFlX342LfVV4bi6zNxI/1HJYs+0nk2zOTjHCsKXwl+nMjRBiw4s+Aj4BVhOMvjDx2cHE5QR
    yjNOvnHwXVycrdSvtR8vRfnKUXl/dPMtMDJutm/pR1f8A8JPvsbOZzEzFxrZLJpnjY+Qnj5eVZ5sLtOLhcnu6
    zWIfLxhZnCrHppySGNjys80MSdefKdb6g4nz3wWfFKWdHWPjeZV1wrTjEbgiUojkhuKPXdpEqK2ZuPV8VL1XBN
    0Up1OBwaNPstkZ2ojfehZl6F1CQuoViyceR46rB4yRq6J8i+BHNiRsjMfBkseiRLp+PIj06EHLEmh1TiaNdvwd
    V94HZdn+G+0fxhXQVvV512RlVQ1bW4dM7Ly8667PLbjQyE8DG5X4683gPAinGrmVVRrhKmuwUIca8eE5RqrqLL
    yWQ0SybCWTcPKyBZd+77JOyrIvqj8zIPl5B8u8+XcPKsZOmucoVQgLI4nyhXbFyZxkfcjnJCukhZTFlxFfUzVcx0isyKy
    OfdEj1ClinTaSpQrLYCyYs8qPIK08qHGqweJEnizRfFqvPX/1gxGylQkWQpUuNW4qojKA7IsU4p3ZM50cmKRjQr
    nYsaB8WJLHWvE9yqnErqbPCi2Ej7z7tYcpq917LXGB5Palvuvx9Ho9Ho9HoeuXrt7YqWz48UShUiagPtLio1V5F
    qjDqKTysqI+o1CvpsGQyboEc9ny4yPOLIYsmQsliyPdeYK0cozXU8KV2N/TLj+l3H9LvPg2nxpQXgnaeCStWNPi6bEeKZ45GTYvHyTJP7qvtuhPYp
    CZsQu2+zX3q3jkdS6zDHVfWa7JVOM1yjEnmRifOiRy4MWTWeaBzgbiej0aOJxJJpKVhHdrujZEnlKmqzrFG4dTxbDjGcXtdrY+SGBnzjGep48cq6TndWWYOHkK7pllJ/dVuqxWOtV2F8446efQh9QpQ+o0xP6jWrF1OtmP1muKXWKivrePpZuLmWcDiiTL/wDTD/OVH+4xI6JJGm58NparG/Vs9W
    +fV1E/UZHIc/vTRs5IUkzloc9Ry7YQj5PvrvryYYGRLHutvbJ2HkPKxXsWQxZTFlsWWxZjFmsWcLOIZyK8hWOCWur9SVCvundOFUpEoKJRkWY86MuvKr8bOBOrZiZcqLJ1wbvsrlZPE+xVWVLnC0ursxirqEZHXZK0s+/plv39Lyv1On50tlkvD1TAqosWVGXyNpzwv0+pKRzJFv8Aph/7Zkv1cWzcLX9m3CXuRc91z/1u/wCX8202wShlQ18qB54MWTBP5MGvPAryYRJZdZZkwlVe06bJ
    cmnp5EuUYz5KOPzJYUydEk3Bo9mzZyOZzOZzI2GJP78jK8WLkWu62qmMI3WuRKWjnIqulXPCuV0OBwJQTS8lBK2xRq6pCqnFzFYNRk16j1KmWNk8lZXW9YFM99Orlvpkpcum+WPi6TuKyMl35EJfoYz8vULcfIrl470fCMjD41YlDlXP
    C5EcZ1DVm3OQpyRJcj40ZKWLXJxwkLEQsZHgR4VrwHx0eBHhR4keNazvtg46P4jLeLS/06Mq2pU9WpZDJxLiWLVMs6dFlnTpIniTiOlo4M13iYz0+q3/AKOJWtWzc2fxjYjvsy+kfHx8CN9EYNThojKMpcUyVFbPi1yJ9Oi28TJgP5tZkZN1lfgruV9c1Gv1RB6xv/y2f8d8ptOciCbj0CpfPycvd/I/quIl8/C1DJwox8uPI4xY6Js+LkksTNHiZ2nh5+rMPOctCX+LrVbWRFMtx/jXr0qGVWqJbFKblIhfZAr6rlQK+uTIdYx5CysKw8FNhPCJYjRKhoVbILiZ75WZT4R37qjKa6pbi2YSyK4YXWOofIqz8mKo6bY+GxKKkM
    SURs2bHplqiiydVsb6vbrWpQXF8XKEuMnKrfkizp0pVyy+MclqZPp8uPwbCeJZxWLaj48+Tonrw3I3dF+e9CyslHzcs3E2j0bRvts33bOu+ra5osu8ilJONb++rEtuF0m9kukZBPpt5PDtiSqkjR7FJohl3wIdTvRHqmyObQ1K2Ej85t0uTX5xa4Y+FncIZVMZuVnJzVk/JTXLEt8grCMjIuhUreqVRH1c/q7P6vI/rEj+qKQrYWdmjN9R740lC6WdFHTLXPN5SOUjcjcj7j7jUh1sdI8ZM+JA+DUNxPtPR9p9htdvRtG0OSOuR3Q36n9tE+yyLEV500Q6rEj1Osj1HZ8iMifwZnwMK0n0cn0nIRPCvgODieyM3Fws3b64RrXJ9Vrm7qfCOUeN3FqVMuV1m8SM/XMnk+OM3PJcnE2zbNs2zbNtHlmc5DfrvjwhOzIrqguhY/ix0++zY2j0eh6PR67bZtn3H3Hs+42z39GTWrqfFyJ/7N
    7fbpiWNTK2mSlXhyJ4mGx4FJ4L4Eo5IrbayPUZxIdTZHPhM/sbDL6fVGqxRUn7ru/5LrY5GHfYhyYpQVl68pTZF11T9cjLtbJ3TlX2l/t2/JGCHZwJWSkN7NfRF8ZYWRHIrgoa4wONZxieM4oZo19CkchSRyNmzkchzOY5kpmZV5XLFtPjWHx7Cqpwe7DlM5yPJI8rPMz5EjzyHY2N9lZJFeRdBNSkQeny4LHU7bsbForpdO7ZVy10zFpWLnVxx7YM05LKhKNvbZvvXH1Kf1KmbIY8pH9Kml0uuGPj/Rs2zbNs2z33RsTNmzZyOQ32ke+2jgjiaNDiOA6h1MdLPEzgziziaNdtjN8yL4yx86SjTk1V4VVtMacbNtrx56SruijGzMZGf8XLJYzPjzPj2HgmeKZ45nx7pluK6YconM5sxMG+0hg0xPjVaox4UJIS+jRrt6+jRr6mvoaNdtGjRrto0aY0cTxjrPCmeAeOPHHSOo4HEfo/Jp68l2m5jmTk5doVR146tRqrZ46S2iuYsWJ8WsorhTO/JZNuT0aNFU5VlWbIhmEckVop7Nv6td99tmjiaPRtHo5Dm
    ORyfbRxOJxOPrRoa76HE4s4HA4+3E4nAdQ6SdLJ0uJ+DyMb320L0b7bYno5Gzl2l7OJ4zgcDxigQTRDkRbFIUxTYpnMUkzaPR6PX0ehD0z0fy5DkL7mfz29Ho9dt99C7b7eu3EktC/HsSNDgOI6x0RHjwPjxPAkeAeOzwHhPCeE8B4D448f18c8OhVnjR4oniQqmcGiJ7XbYu/s2bPZt9vZo/jj649tGt9tGvT2a+r+P8CQ1s0cTTPffRxHA134mjQ4nrtxOA1oUdnFduLNMSYuSNsTE+yXZ/g2uyNmzZs0fg5I5jaORzNnLQpHI9mjXps2b7exLv8AwjS1o4jRpGkNaOI4iifk4mkcDizia13X5ekLT7aOJ71+e3s+76V6a0eu2j122bNmx9vfb12bPfb19H8dtM16/jQkfg5dtGtP0fnts9H2i0PRvvvsj0IZo1s0129mn2/lI0NI4o0cDXbXb120fjt/Bs2b7cu+x/nsvwmjlt9lJmjTNM99lvsjfb33/jtyTF77aR7Px23s0cCSNCG0b7cdmjRxHHRxPSNG/a7JI0jiOK7bRzP4Zye29CfaLW322z2xI9D9i/El9sfQjZv3776PwJo9dto5eti2cTjs4/aon8yEzb3sT2LR+TRo/j8JSHLRs5kZG2NyGexG3v8AhaPW97E9
    DkuzNbbhs0a0JCXbZvsz0a7cj2fx2cUaNPt9sTkJo22P2fxtC2aaQzftM/C16/KkJvX5Gh7Ej+e/8I/D7e329dovib2bZx9cff4N9kfjsmcu29iaZo0JMZo/B/HJGzbN9v5NetemN+tmhLYlsjUtH5F7NGjftdl7fke/zJritjNe/wAR/wCq9mhoTG2L8zWlsTP539/4e+y9CH6cG5Pfpfl/njtEuz/G/Wzfr+d9kx+l/wBfwbF7c4Liq+Rx9//EACgRAAICAQMEAgICAwAAAAAAAAABAhESEBMhAyAxUTBBFEAiYGFxgf/aAAgBAwEBPwH95IoULNs25G1L92iHT9jxiVEtIyRuUbj+evnVj0XTbF0TaibS+bF99llllliTZXZCr5NyIpJjKJcCZRRRXwZOq0b0v50zdf0bkjJ+yYtM6liZ91litjTKZT+OyyyyzNGRkbiNwkJDHRIbOSmOLP8AZn6LkPL2bklwbsjdYuvIzyQuTFjVd6G0LkarRkn6MjNkn9mZ92SY1emVmRLq14JTs6MbfJOomRKpaKNq9UyM2hxz5jqotmLKKHyYkeCXPhmJiYj0bGxW2STRZbLJMei6rRu35FNehtDfOqo/jonQ+rl5NyP2jdh4olNPx2MvVKyVJkdGbv8AgZ4Mr+i/ZOXsyRcfRkkZR9GUfRlH0ZRLiWu1a2zIzF1C0yXZyc6+e6SF00YoxRgjbNo2jbYoigkOCGq1poyKyFD2YIwQoI8Dt6R8aWMooooorXwNlrTnSxHjVosszf2XF+TheBSvVEnwVYxUcHHs/wC97L4qtMnVFopGJzotOj0szqO5c6OI0csxkYMosXJRVCKMDAwMDDtocb1UMj8c/Gf0bM0VNGT9GViOnPGLaZfssfnStW6Fz2LxrffZZkPRSozM2bjM29Wl9EavknERLyXRaLRYo270pswZgeO+/wBFOS8HPgSE4r6M4+j+D+i4LwjqTctY9R/Zaf7tllj0vSyy/wC5f//EACYRAAIBAwQCAgIDAAAAAAAAAAABEQIQEgMTICExUTBAIkEyUmD/2gAIAQIBAT8B+82T6HXBuI3aTfp+7Jq6noWdbKaqhyzCpi0Z8m2vvVNLspqn9DhD1kmbxnWzOr5ZNxTBPKCCLQQVVqnyKqfFotry1CMavRnHkVRminu0/E1ItOlPKyUWj4XB48cWmzYXls26Dbp9FF8ZUmPKCB9CaJRK+OCCCCDExMEYmBRZCEJeDolEq2PshHXoxRgjBD0aTbj9jlGQnPN28E3RBAkQLxAjxbEiSnTFTBq1QpRS8iBdWdUcHTJnt9V3dSRkSSIQxEkk3XCCCBK7okwgxsiLw7NT0LQx/ibNX9jar9iofCngxXXCSRIhnZ2dkM7IZ2d/BBBiOggpsyfkdR2SzJmRmZmRJJIu7zJBMGRkZMk8nQ+C+gxXTviQzsjgrwQQQQ+cObYqZ4Rw1tXbRpU409Wkk6JJJ4O8kmRJPKburE3TdRnSdcNXTzalEc4+jFpGpMTExRF0MpYxcZs3BmjL7LSZCJHJi/Z+R+TKKYu6SPuwQR/uf//EAEUQAAECBAIGBwYDBAoCAwAAAAEAAgMRITEQEiAiMkFRkQQTMDNhcYEjQlJykqFAgrE0U2LBJENQYHCTotHh8BQVg6Oy/9oACAEBAAY/Av8AAin9wqYVwppX/wADKOW0qf27W2NcZnCiqf7hV7ENikgkTsmvbsuEx+HqqfirdlfsZQ/anfWSzPaAbCXBdXFbEeQaJsRtJ7v7Rt21TolNqnJ3zf3Bpid9EEUfmwGdwbOgnjq34LKITiferZSE2v4f27WlEEfNfmwL5a0OvogzrIkuHWLvYihse/UNyWqKfFc+1nEcG+aDoOt4yoss2ud8LBMruOkf5arBj/5a/rB/8ZXeS8wQqRof1KhB/GkmwRyFjBzKM3D0aqwa/MtZjAxAtcPJQ+qMp+CrFcu9fzW2/A+iCvvQ+Y4Pad4khlYJz4L/AITCAZnzT/Rc+xnGiBvhvX9D6K5w+N9AvadJhQhwY2a1+kR4n5pfoqwwfmmVIwoZA3KcMvgnwNFLrekHyUs3SPqV4/1r+t5rWHNoQ1WjybJUivHk8/zU2RS/wLQUHRGZHcPwj2ZGybvmg2IA2ezLRyZZ5wn4nhJZZ6yaHOJE96AbKq3j0RJY4+OZARO9lWiM+AQX5k3zUzZFwIPqnURlLcochWXBO80XO8V7yGQZnHcVsNVYbZ+a1oTeay5Mvqg/KTPcEW529HhcQZuKoOsjcXazkRklKmsrn0oq/claoYh1o1eYQc00UjpUWsFNrlUlTY4v8N6y3cLg0PJbKt2fpoRvJNLSc67x/Nd4VlMy7iVst5JrczhMysnveJsBIvvT2NhkyPmu6I80M+2mGUiPugdAHWD7o7e7chIm3BazyB5IZaiai+SFTY/ojJOyiduCYZSGXQYWszSG4rUZEaPJTdDfn44ZzsyXUQc8V/wj/tFPpETKPgh/7pxhNDdwThBYXuvILK9rmkbiFPArK7uzdTXjo6zSMb4e1FRZwoQq+3hcRtBZmntmzcZZuKib0AvauyeabDEUAmlkC86ym5k/VAiE1aoAV1MuAVYgotpUa4pjuIxp8JTpidBu8FPwVve4KGxoFpqJF90UKmyhldOMDJP+JNm+C2lUMsdmad6KY6R0ctp5rWiNPCSZLpENgkZgoz6VCvQiS1IzXRJTstR8L1Cz9MIBFStWcHo/H3neXBZYbZDAQ+Cc88JKJK1U6LEY50MarWik1qwWMPyrfyUooE9zt4TM5UwphSc7KOKJhnM7jPAT3YDRzQzkifqskcSPFT0JuW8qjVQBU/RVLuao7/UqxZeU1MuPJScYnoZJsdgdna4Xeg2PCaZVGsUPYH/MTQYM5b86I6m/8SvGHqFrP6R9ltdI+yqzpBPojRQNVuadSofw5k6XFVewfmXfQ+aPylO92UuHBXpJD5vBM8v5qNChQzfcLrZ3JwiwYj6+6q9FiEAUp9lI9EeYbtbJ4qf/AK+JmprTRAgyUokAOkN7pJoZ0Xfs5poS6Oc0gKLO4Axf0TYj5vDfcwq4Bbac7IJE/EEWOhTmZ94FNsOspDXCaMzms3SNFWJPzCq2EfyrcPIINMzxouqcflVqLUdk86r9obyXfDku8+y2lPMtorbPJVcfpVX/AGVHs5qTwCFqazfNTynyVWuH5VXOpZfuqQx6lGQYPRRBEdQDcJaf5h2NCzMROU1D/wDIyg5uKbFfSodLwXWfFI4lrqEMsnDN/wBkh1rYhzcCFWBEMuKY4QHZXWlJPOR8OR3uunsaYgLL1KfOHEIbTMTMfqg4QnFpU3Q3D0QPVvkbUUurdyTc7HydbVWfJ1bTvIkUQ2ZPEq+hUjRqxp9FF9mwU4YAOCZLdbCmNCqPdzW2q5T6LWhcitZrwtseoVMjvJUm3yWrFPqtZrXLXa5i1SHKrRyVYbVsyRMKk1RVadCqMviHYwpvbsjf4KEBEZQ8U2RbnTWznlkMX52RJ13FOOQ3TOsyuy2WwJ+qModAOC7v7LY+yOdpkgxswApOQbuaptnOwTJgOe2xO5XPoFSHFPov2eKv2Z/1L9mPNfs/3R6zoBc/i2yytgSHAmcl3AXchdyF3IVYH3U+ocPIruX80PZO5ru3rYfyW/RsqhVVCtUrViOWu1rlrtc37rUe0qlCr5h4rWBar41W4rVJVKoiSdP4honrHEeACo98vlUs0T6UO8Wy/wBStn7n/ZA5W8ynAmHl3jIV7n0lXZ9COV0Wg3uW0/mtt/NUc/mpDNzW8+q1iR6rbdzUw5xXvc173NAAnLvmqqnY2VlZWVlZWVlbHWwphVFxoApwmN/O6SmIUMj5lr9EcfldNe1ZEh/M1akRpwo8y8VrhUr5KgOhOk1rYScJpzYB3gyK2ofNbUPmrw+a91ZiW80C2VaITLLzumgZZy4oqXgjZOEwN+BTuy8MMo2lKIwtnxWZtlXQurq+m4tEzwWtCPoVlMNw+ZagU4rmtV3u8gpOm3zCzQnhwVcCLFZHAUu1GL0WcxuBkg0jrDwc2alHgPZ8tQpsML11SpwnxWDmFXI/7I9dDiADc0TC9m4KcV0gtp30oT6yv8KqIg37KyZI2e0sqIDIplU0UpPlustmLfLbfwU/aD8q/o7/AGnvNIkhoQvmUNck5EyonKIXNmMiPon+af56AxuqKqc7gusBmBVddFAMQ1rZq6qKBPinQXmmndXV1fTysqf1WaI6ZU93FXms0J0vDirSeLjgt2E26r+KGfVP2cuvg7O8fCVlAy5lmlMWog6DFIBWXpDMrvjb/ss7K+Is4KoUGI21QoLv3b3M/moD97Hln810WLvbOEV0XpLbubXzauthtBbEbnl5hFuUb6y8l0hjhlL25x5jf+qLjsnLF9HUcujONyMp9Kfy0CoXzqGUPROQDhKdUA0VUTjlTvIJyJ8VtK55K55L3uSs/kt/JWdyXvfSrP8ApTmhr5kcFW06qamFCj796CorK3ZhEzrZFx9F1kf0CrqjghlCug4XQxkRReweW+FwpGGLz1DL7I9bMuN2kSThLVO8VwLTWGbhfwuqDxRhu3/qukQ3Coe0rpLDuc1wUdp917XBMG9kU/cLoznX6ot/1KM91G5MoP8AFuXR3vEi3Uf90yf7p7f5qELazj9l3pI45V3h+lbZTnBxMgg5rXkTuE0uhxpiq1Gxx6Iz62q1g9UJHqjVv1IyDJW7xTOT/NxthTC2FgrBSkEBOUyuI8MC3gUJLNIOb4r2kNw8tZUiM8jRWWqcLK2mGoxYmy1F2/cOGAmmNzZQ8yBTovX7IsW3TYpaeqfUHxQcN+Dmg1F1UKy1XKYlPktSK7mt59F1UUavkvZezf8ACbFOY5sopl6qP6BRfEtXm/8AkoI8J/dM/d+6BYKGH32qoAfATzRimrGg5fFQ4A8zhVzuFitZ4HmCjkisqZrV6S0eoWr0v/8AK1emf6AqdL/+tU6W36F+0s5LvoZ/75Kj4fMK6v8AZX7EN41Cb4rW1mf8J4RCk7ZRyW3Kq1Hub5Fd5m+YTWvDafIyWux7fuu8aPOi1CD5KmFsWgJsEWYK+amjFdCLmNu7coPUtyxWm3gui5SetZELpJsJkN8OuY5lAgQ3ezhgT8TwRY6hG44EgCZvjTQqphreSyvYtzh4rLJwHgUBN1PBNOcUknER5ZryKm6ICZS4oBmV3nX7I5qvfRQsrvancqORAI9Qq5XKQYB6ozb91Pq3ei2InJWifSV3kQc1+0vH5iqdLPNd+tlWxsrKytoQHeaYwMzZbEp7qkASzKeWWGowle7zVJc1rQnT4iq2VVpHpoUiv5qpa7zC14Q9CqhwWqUye6qceJw9m3bsCojIM+rBktQTknOcJGaz5tbioYc7NmbOehrn0VB91RgWwFsNXdtWsz7rUMjwxGg1zrL2YM0MjMzzd8Sssd63rfhdVw3KwVlwxr2DHj3XJzW76lBnqfVAYCs/NdzCd+Va0Ij5XLvYrfMTVI0F/nqrW6MHeLCCvaMLPmavZxORWpF5qga7yKrCf+qrTzxmaUUp1mgXObl8DVMa1ri/dPii97mOM5SCblblFk1uXXvMLq+rM2Csl0O4iMGVwIxnvTnudKGLu4rUbTxwurq5V1dbbua2nc1XQlEiCG3jJexjCKPKUl1p2on6aVtLfhbTvi9hNwsj9RzaLM41PDQ1tp1StZrT5hVgs9KKge3yctSM4ei9n0rnNazIUT0C7qI35HlViPHzNBVTDPqQtZk+TlrMYD5ZV1kKrfArVnyT/AzUxvAKhMiMDJHcKuWTIZJoFDvkhnZmAqZrrYLjayyuaet+KdxjJNhz1BuGJ0Kql1WXLSB4IFrQ08Aqn7LaP0radyVC5WdzCseasrKy2QtkLYbhu0t63rfjmE2v4rcVbCcq43V8bq6qcaOI9UcsSjr4a1rFDVm8cRZTzHxO+SyNa0tdcn3k/qR7NszXgnvlqh0lmIzF4qSsgc106y3jEgjTmpDSow+qu2fAa36JsxEM+ACfDMCIHOrncRp30N2ju/A2VlZW7Fvxj7rMzknNaaSMwVG/fP4hdIhxnSD5EU8EIcJtfjKc95zxPiKrNazpeiBbGhteN81SLCd+YL3PqCsz6gvc5hf1fMK8PmFefqs0T7KjOZWw1bLeSBeWw2ek1YnzctWGwHcSJo5Lm54/gbq6v+Gpp1p4ohsiTwUnNP0oUrLetZ2Y8Aq4VJmt/NUYtgKbCGhbf2W2eSzzdNUmq6GqZKv4SuFgrfhLaNlZUVQtp3NVmcaaFcbdmNO/YV0d6sVfC+jTsL6FadhsjktkclYKysrK2nbGythTsrad9C+FMbaNvwN8bKq3addKyt2FFuwurhXV8L6VMPBWXh2tFXQrjfQoqKyp2dlTtd+ldbtKpxoqjsLaVcN+F9PxVl4qoxthu7a2FDoUxut6kr6d9GioFNVxvhfSp2nguKlNcVqzmq4Xw4YWrhbC6qVRUVVRX0bY0Rp2k1XC+AClpbK3YX7HaXHTsrYUx36F1eaur9nv7SuN9O+hbC2FsP8AbCyM54z/AJ4UVNK63rfjTS3DD/hWxsrYVIxtoUVMKAYUwsraAwHY3wrvRxGjLSniEUcJ3xki3C2hMaAx8tKyngUFfCeMuKK//8QAKRAAAwABAwMDBQEBAQEAAAAAAAERITFBUWFxgRCRobHB0eHwIPEwQP/aAAgBAQABPyGCRCE9J6QhCEIQhCEIQhCeokQnohCeif8AgAhPRCEIT/IMQaIQhP8ASGi360EiEJ6QhCEIQhCEIQhCEIQhBCEIQhCEJ/4AIQhCeiEIQg0NE/wEz2E16EVeR08iJBnh9GMjBrkbLVkdRISIQhCEIQhCEIQhCEIQhCEIQhCEIQhCEIQhCEIQhCEIQg0NEIQhRyuisIh08Qr9NTQIaiVKQw0Q0QhMZZfaEiCRCEIQhCEIQhCEIQhCEIQgkQhCEIQhCEIQhCEIQhCEIQaGiEGSWg9SHtSbODJYKMi8a8EdjANeENEIQhCE9IQhCEIQhBIhCEIQhCC9IQhPWEIQhCEIQhCEIQg0NEIT0aok0QtgdtfSi8hexUvImCTNpNNbWPkU7+qEQhCE/wBT0XpCEIQhPVIxWtZCEIQhCEIQhCEIQhCEINDQ0QhCCbgaK5ZM3RHjCIVzoNkYFJlGtkGVP0WeSGNGIQn/AIQhP8z/AMYQghM0QhCEIQhCEIQhCEIQg0NDQ0QhCDz0VhiwE4x7uBW0FVPArqIdG3+Eu5EvA3GoMkwIXov8QhCf7XpCEEIRBPJZENgp6IQhCEIQhCEIQhBV6Nscas7wTwmpKcMatRr1fokIzoL10Lfh00SiBs0AWYeRaiXokQ2CaPiGKLRTKq8muEQtEuBFzRbWqET/AMp/iEIISEPU3hi7yOukuIjXNCORwyEIQhCE/wBQn+IHvFxrVqPRjRCeujz6JNmCpqSLj04juKMQRCODH3PYCZuye9foJEIT/EJ6QhCEEF6hCEIQwYg3fRIhP/gY/RjIQn+Bqd36siTMahU8JkbRDrL0LL/ilc+BLkWp7lEhqrZ8iViFrNxcstM1uJiJwjB+l5Gf5EiEJ6iCKC9ewv8AKIQhP/jaGNEIT/I6nf116fQEmyIO3qYmLRNobmZrO0NCxeRzrkILQ02fq/uhh7XCwew7TVpM5E7F+DErlEzg/wCbr00UV6EIQxuqDmJt6mCM9+XO9j/tiCqK7jc+b8Ima/xmqNUngL6o6O//ACQhP9gaGkVkvY4TQW7viPpUSUp6zX3Zbsa1PKHAmrT1H0+ufQ0z0pqzdh0FXjc9SHaJO68upHBAQXpp/uQ+7utrx7ju+EikM8I0zlPhf+MPEL93VW8ej9Z5PWD+7OYPD7CxkdfySNxUSHVgE1t835MqbllH70V0YuqCUnlc5Xkj+xh3fe/YW5dPX7JlqNsAwQe8H7NFgw3/APIS9+86B7AlUt/zTpQrdCY4fqNbWtjyXARcVhjSXYJrMClGh6oeVFcqBLR3LhuFsXIWVFgTSvp3gVp7cdBjTiz3ckociy+JqzDG8LCiI8b8cDZrOSTGPXe38GWfR9Bkm52IV2J3RhLlpkxyf8D9iSjfgE9A6G6zNKtRHmkusxPU38pgS1hdS8fopMzan2RTnsPyfyagvcfcf32SRlmrlv7l4KwG0d/vcrlHkIr0LRu6MSP2HMqEqYa9maNPqmRNV7I7ci0h9GHuP4pm6J1/881lzZ/jz32CVpR7PRCSREjx3W3gjWxZUquQ2GwiYvca9IXi2hix1i/YaF7QZipnXwITpXcjiFGZIxBLBWWZhZDWYObizNTUy1YZwhgyb6/+CkdWjko+qp+5IreFnl0K99irgbobSQe3hlvGo6nUJmjRHU0pSAzvANrd3ZBM3VglfBSbOUx7YUZXqWlq9R+dkPcLvr+I657C1fL55EBsq2EO2rKCD8snEj2ilXDHULgTgVYO73lHbXyvQgjtCqqORBEK/A5DaXOglLlh4TM3XHTvrccUmn/5/Z6ymZ24akJPDT4Equ7iS1GaSKytNGAj1PK9MiL0mFHBpOAlml1Sp2ysSfSW3Cg14aXg1s3LHbXkhbn2H014jUxFIuDR5HTR00vpDSI6V4C8ezbLGELF9hzrqZrDU7ltPEpLrwRZ2AsOfIgldW8MZRK1aVawzyvq0kpoyZqyWNmR08W9Bab0rWcjVuwkUq7Qm5eehqZbp7C5tjGkneBGkYFhElttoiOjZ1I7b3LfLe/oY08Lnu/1PcXiEqp9qMiUWTY7kq8WjlWtfF+gjsMSX5NhVDsUJAj1up76Zx4a+xKZh5TOi91wxAT5yo6YmPB9BZCFXeE9F5DXojBKDjSymaTp3bJadyOmB7Gb1j/F8RGlewKanlmx5q2dhUpO7xgnNARuE+oWZN6v/oUVLTtT4EddE2e+IMXK9EhopwNI34NrA1k++C9zDVX6iN+2/Gb13jU0Gfrf3LGEbvV7l10wiC+MTeoyqYcJ3bgS1KVrgj88g0ajxtp5KI16SvqDK8I6M6Y/uDUHdGf5/Iyok5GgfYih9cvfQYrvRhNXD7IzwLJIb8n3GksdwzPcos7KTxWDY0RZy2lcZM9GZqfQdO5DhGWpNPvoOcmfQ32Tj9nXiTTuuo9NGKh0A2I3shQ6hr/txDc4gk/ca6gtUbPkbVPsH8D7AjEn7iv2HtXawfJsjI2hlm9Lu3Rl3Whp6MSzz2NfiEANyv51L8gl/wCRLp4QkmadhDT2RuCFpVd3RIyvA8POyPa11YaIyLe8I+4wLe+4odSozlEuRkXTsv6lGqrSRu6ejHCLEUXo1/61ENtZwUTwVwRVjI6jTqJ1zCKYQTsCios6sNBAjwDLODVJMTQeRlFYWOzGgjIE2lW1ngLbN4o4FZLWGS9xMgGq2NSSryVl9RqLSNC8PcVjhrF1GjOlpLPyOGpvGj8jUm/Vf9iUi08lRyW41DlOugwzsOr0DdWIeiNikbdKm+B8jYxwhpcL2Htl7HyPKLSYTxpVBlJaikDMsE51HAJxvQ9mIEmMuqvPoCaG77pM0p3QjovwDv2Vmy3iPvIR9ew+luQtIvTA/hx1VQvvbsiav7j7ADQgfwmSM24/TBo9EKkrJLqOnGq/P6Nm70fIpqM0O5G0twH4DY9D2FVe3T3GpRkY1zR+l8yaubQts0mHZp2J8Um1qfJYrNGF+QuiyiWfBPL3Cdv9xEppjdEnHxTPLaT5MuzAiScmxkX7GH8BllW+Riqdo/c2bO7SNj5v0FPvfqatOdaEc/bH1ZOkC/Sh/Kz+tn/bZ/2mJGkR9Q8Oy/70GVp3/U0JaWwSv9A7SgbFJ3R2R9L1iI616T0NDbZPPsGg5cN0wi/tGYFj7BT4G5KanUR8bszWA90JmlCTkhuJuk2d3Qe0XfJm4XoNgydQ5Iq/e9TYfobRnIbYwdN1/c3hdmEWfcRWqtdhPCrp/CEVXXnSEzEadbfsQDjwat5H0u2qMa0vMYq2CWr3YyjrZAjbj6mtNlLb2nM95Z6StUBjUWF+Btm2TJK9T6GK8JuVt3cthwz6aA10PBjhGOBOAnAdgfQ9jsexTR04Jw+w2lp8B7BrbgkKxtC9ExeGVPQI+AOc68g6GrrJiZnELIyD2wKcjCucMhzZ6oS9fxURXDXudAclDI0G5ljruVVw0QzQSQbfAIOng1fgcam+f4Ir+PwJlacLLy/wVo6T0yGlgXS17oUstFPaPsnWMWTeMMUMlXGpkt7HG+x2aBcGI01IQ7hT6al0JixgElGy1TUXNQ62FFsZqSClPZYF7Pv3ErYR4Ci2hK5GhFqhNljGwTdgnbC26LzRORPoY46PUoju+ky5hGxQjZ10MAdu2af1OH5H1X9pe6M0hpHV7lkSMoxK9xPqXPaWKNGCXUfb20F8XOJP5I0rHi/QMyYHokJTmDkmop/cJOEps+RrP2EOQ1to14IA6Su5qmTqE7QirkTc0osVc6nIZyr2o5dytCTCWu5aLnEbqi7jQ1ij6mpnkM68NdxsyIqxbvkWHBix4wTSnUbLs/oTF/2mrdzXvcRUN26kg97T6kMWdwcpbL6mOQohNZeKKLn0Z3YlIeg1oxRmnMhr6jTUOMBBpIauApaTbyOLlsq399B+R6E+g+eRz3GyZJ6iG4lv/ki5OUM59CV1XLERaUQxH3gEuX4GZ7a4XYVwpzDCZDvANnchLb/iHYadk80pat+Bbp0NPtfKJMrjP1hEVWdp/GSxjS9VG+3cVhVrybRm3zzbs0NaF2z9Q+xq1jwAjypQGKb31M7efCPD7i2fot4fcRfgIZX3NgF/Kn4JMCD6NZl70v8AHg2R6dXc2aBeOx3XyMYk+Hg/d/AreXZ36cKQ+A3Xk2nD+g8c9vuPIYKl4EuD/gq7HSryboOn9BGiy/Q0C0+4x/fE3mY6EtNBVF8wr+WbC5nWIzTOx3VL1DdRqspfIefCMN4EIDndiyMseXl9xiMDQ9AGtNRijaMasGpIcFCcTlCYT8l8jOR+oaAGUPg03tE4RoMFpl0ev6ENAk1c5Z1g3tR8ke4qv0H6DSg22Y7W0/P6A8M8bgvNfkaa2Ndq4mxPtxSP0xpkEXxOvVDXjben4PlFq9Le2xjdASPZ5TOARvLTFa6SO9TENNg7If2GnTSb6pobwkzy0LljLuHNa6Po2Lass3w4GLHoHmvqRFDREyLUeZRt+oa4ZjmOCnzMIraBRbiBYxReV4LBGrNX6LU2Wqq5p7E3HXatfA/MyqOqhZQWWCGnNfYILH0N19BdCSg3IsF9SeBcYXGhK9AnfqlCG+gty4GVJzhqd2jHuORGrGmsHwNoSpdTlPg3gt6lfIqqScr0I0JU1Bzcg0bFEZkYgMc0Hrg0TafVn4MX+SkewRO166rWhTpGrPkNChwR5S6uKaYiX0X5YQ9MM16ezGm6te5eK8lkbJ+M/qNbKe/7MjW2aeup9BXn67e09h93eNq45ZV2HpPv+jtNfVjcRdT2/Yeb9P7mKNhVMDkXfkptjuRJwXfWnvKDi7MjWrSroIUuXeMITLRv3Gx0LE3Iri0/EJc03XMvwfRw8ejfFH56fuNmjP5yXWTqN4X4/Yo17bQUi6myvsT/AMCQeFiicsSX8yem5CdR1bidJtV1CtspPE+SLGO5w3/GPqUTiJ+8LnrlkoRveGEkzbXI5vcNG4U4QEfn4fQcSGhtf1qNC92UUNqN2CVxv6BuZNiN6zqDbUd5Gt0ik15T6+4tE5BFpH5EVVKOYJ04DGeCkpk6UcQ0vb9hGuggte1yWon6UUWL/DsjBPuJchwxEn8dhSy4U59zMrFmCjL6FcwEdcFI1jBroVoV+DkxnOHn8CUU4KwnYl8DnaFU9kYfNyq6/wBBn8Q0z0+4NLxVotVCq8cr9RTQ2+4jRi6BGP3x7B7BqS/dTaf2tx1kd/zJbH7fghs92N60r3L1C4CdgmUfYL0ReiOgNSiSSDiRMzbMS5bQiTVWb1fC8EnR20nNHNyXcKqo5NSjuohofsM1ocGGMct9PqfJkKMORhU4+hpk9xomCrUCQ6vai/GxJOaL9g7kV/ZCVEIjhlq0tkn5LlxCu1rX5FZ5CwfekFw+BREaXhtV1Hv4+vRdforZXRb0TVjRqj6/gL/AY9v2f2f8z9nP8g8ePY5dvKE7lssJgc/40bbyZ9VdHB7uSbcw7tLnai2J7GH8DN1Aw7mN24Y3FnlmsUN+pvhDjxhxadxkLgE+A9iiaLwOmOePQb2Pr/8ABSdzUc9DqSJXX9EjBKxv7ljwSDmtEtNvi1kfQR1Ptj+nY6knirYSNQfwVGNgc9RfVG10+6cP4Gm12D6Vl9g6ituiCWy+D88KitgdYy5uMiLHR5S6QqektKYPI1GLyF13EdMerK5NePcGuph7HE+rXDYm6lgOxejEp10DxGugu4rqyZ/EGh6jrj/qD5AnMNfRDbqBjam/8IEKts/oUDBrm/uLCdxdNog8/J5GGnolfYfqF9BcQjJ0IqS+h7jIzpRvqcZSfD2ZFNoylnRiqq880JFB+uWl7bwj2N6zS11T7Cj/AAHJrO9oyLUXDJ+TVdUyfEPs5H3GU6F9MjP5Se6E0anSHwx1jtzQyL39j6lmzcpwLDwKTCsKEuxlXu32hJajlRCYy9BVIPQbf4+4utwjV9/sVYDVGb1J01dyTsGgHKGsPUahNlE9Jg+YIZlohbkzTKn2YRrzwVDNXohCD0KTbWPQl49pjwQNf+8l3/b5Gr+/1OW+y+5qAan9uIrhvcf8v0HP3Mv9sq9IWHoEGZjoPm2x6QpLD9g8dRXk6zE4EbcXuUZp3Gn9zpL3FHMulHyGDUju9h8wad2PnH6Ba8PuU49NLroFjJERrDGliedmI11Jmpyi1PAnYtfCt4NwOyGTYupsVcrSoid6lfDYv5R6rsiaxib4R9wacmOZKJFL0Ow1aIr2RG+SWDJ95f8AjHIo9KxXY+cENIu+W+oTRNXEnesb9qG+fGRCY3kd6C6B8nyNK/I6nz6D6jPIa6oZ9Cuhk2KX6F3YeWWQNtIP0G2VC8kNcsl7pHaHI89B9JfYTsvWZzA0h8Q+Ior0aC
    62Pm86jdUSUYnxGqxNahxhPqCLlCIrS+hNEl4ELd6jf/Rgqm+BIWkR1s34Q/8AtD9Xbq5MvCLB4FX7GXd/xyfwH3Oj/LqJP8/qdGNISU6BNzJ7OiOj5CNvZf5NhezG/YdTwQsrluSD47gYIUmW2X5Z1PRiEhL0SNJcjfJlGiUacemovUrgV5GaMWpFqNoSTyoIuiSMkNIz2JI60jkY+HocNx63H5DwEvVMfKo1bFCWBqGLYbIb7iN+gmmTbsCjceviNmOdv4KonBhMXA1L+g5GmjGiWiEm9E2NK+cSElW0z6iOqN92KuW4GiWSklvUoziOt+ArpqksKG6x3Ltr6iLbIJksxzS3HPb5FuY+ToPcTOBMt59LFk339hhdEV5wxPpC1yfPoneDSYYm6NFTQK2iG9gNFn6BGsyMc1KYyOj6RN2H1HfkvCiDQQnhEhtopyZ1X2G5iZjrOweWw3W4heG9CeMEvEK7IuNziZJGVtue3ojdO4y/yFYvSKiST6mq0YmdkObVOx0Ibp6L2MFpY3RIwXRNgvdCKbgbTDI0rTbB+45LDdGuaOego1TTNUbNDJeC8xsNvyYzqPpoWdfInUrIDZEKP2PdCO3sNezTMQ7Sprlo0uHYvJrwTW7hRnuRUeV7sb7RxMdhjfI10NVEaKVx5Few0amE8Dtt4KXTZ6dTU0G/4hmrFf5KksQS7heR6AQEj8bE6Z+TYai1qL0ZeE9OqE7dVpe4oRlNRGoThr6igaWPuJ+w7AmLI2F9hoZyVsmMLysiZ9UVFgctmnUaa49zLo5E0yi9k13L0ipH7meTy9iuTXEFnqFH4GvDz3Gknovc7qzTkkSxk56+S9SXsaURWMRM01+TfXI/JkquRtRYwK6BNvYt0TXkSxleWLGqR2cI99xrOKi5HROdxtXK6lJZjKeVGS4+pL2LoS8+SqlYlDfMYNoYvR9xa8dSaY8je2FXTQWWRHAiYTXsROKkY4Gua5NhLLc0S1GBKCdF4MSwNCU1N0ZFqJa6DL+i2EXknJQn9B4eE9hpk67IT1fsEzgJpuMwWfA0atLojJuNibTJe7FlJozCLcZc5IkmWyE3iik7J1ClpJszuyu5OGoh6CRprV9EOsZN2rfc6axsIWkRHAu4q8jSaHGYMuw8dR8ZHYiYr7CDNZLe0E7e4hhj1MmXl9zXZQVLR9TLwILAbjhjrHBbTfkSPU4khsmsCZnjAll3HgifGRFWBc1jwf0EmciV7LyRmJdi7GphJGieENpvfBgtcDbmvyPSsU2FNmTRBqkcHq0pM3YcLX4HEbhUMXl5GnUfX8DaqNDVK0nZjvZ9hJLVtoVPGVuLCfxG1r4B9Sa6Cm2GYNPF3Y5okyrC0ZqnuPCRDfu6kw77mTuWsmTQ3RZXcZdU7mG3aFT09gk+RvwSE+khptXjoJJuoupEz9CxVWYptIOywG1pJdBGVlEm9Pkr8dx1W28DlcXuUta6UrrK8DKYRk8qjh6exMLKOahXfI+Kvgulz2FUxLVVXrTYpi85poBd2Mm7hWmM7jlavgkl36FrOR3poT37G1+BnlDOqaa5LgkpJmn7GnF7ELIsBNxClYjwV9ytYa9x3pF3Q0/AbWNn1FrciJDIa+UJMGR2YUNM4PXJA619xPMYMlkwVLPsXNOJdsmVsNGhW8NehTejnJS3fsZT6bQeWeCvGtY+rXsNxWtOw7MCkvHwJCSIxNREzuh2PAfAjE1k7sG8NtkFNpM8clp6QXc7D81Ni5aNrqf3YQyvcKzKVu/cYNGkjikZOdAp7n2YxtXsPrdSIyQooaQnnwNJE4YIuTkQS3CiFHyVXUx5CHCe4nWek4GadZBENTQjhFzLRjTnYZXDL2I7qCWkb8j23Chgq38kwvgImkqNaPQwwn5yXd2hZyC/QhOMaCbelfYSbeW8sTdiGkleV0GN4+r4ElkTMq48DfCY+o2iWOw7WKFCasqdDHJkZaglyRgm5nUxNoXaDearxsImvGoiOZPqRJ9g+eg8XgV1XnhlbJgp1c0pWV7iTDnsPB2+xTSPBlegKvEdkI/fkiPWPilJrLKPTtlJaF5GTgp2KI2ociIqTqvgbo3cS7BtJgVKbDdtneDBljrxgy3lOGGN+plh6iS0OpDTfsJJsN5X4O7OxdrV6mcsDw9xJJ15OZsRMDlq8CS3iFW2iXdYEHn9xqaew0YeclfLoLUoRm2ovA8BE+AlzKxtq8MrAG037k0fqLyNhNBPBhhH3KmC7jyy89DbTd1E4afJm/sklaPgSU0MzphBzinyNaGsiZzJ1G1qWuBTSLL0eGNuxaj7SXBplv4L0X2FXwb7lGG2+p01AqRUj5Btw8ItYa75N06BZ1Spu0mxXq16Iv8AM6LAqWHgc0GjZ00G2bcw4iatha2VHHe4ojUTS9x9PwKrm0dy0diEyY8829Di+S+c8mXk6PB26jWrEip1mXKbWzI6BtXWPKUqdeglI+xuK3Ub4ijmg8E6GTYlwS0tc8s3lz5Rm0Nys7Zmciwat4Qmmo0ypoJOrYkbIbk1vgrdHuLgYrkW8vYQ1hjoJVXpoZtyZBuNSXQbIS04t3FmM51HgWWJMJ0tslml4ErmjPNHUCUacyCtmbi4OAhIltuiraV3MLchK5dyhHbTiTkFkc0MG1KuooqLImnMdxSG6ruOdYETS1Y03TbUmjVMVrDoPhijFAplWqGgujh//9oADAMBAAIAAwAAABB+bJbuH1Xwi1LAY0H5a3pfNsLCwl/ZK7rh0oHyTU0DEEhoSCsGc4mJnxb5Lo7a4hN2bINlTPDRjVMq9GQNCWcaLPEIK54Y6ZcEX0vS3SQhlkyahkbVwscYEpEqQHjLJnTvyTzzCPcuqQK5NfBn6W7eBiG2UG75h9JIde8xizxwd2KFHpvFgcxSMW/+isFtaLiBTg39CAAAABDzxsvv7eyS2Y/CeudTqLTcbgQk8SPoYQQkAAADaA9NC03Ck8LifLtVMDI4YT5ZfNqeAoSIoAEA84ff2IkHd47YG9Jq7hwxR59jpKt3sB010CaS875ecw/0bAI/dy3TKhf84VG2dzuNeYrfQwgw+gtBZy5laA/Oq+svD4MZiPG6D4cpR3I9wNdncwLAIKvfRMzJ7/I4pGs684SAFnkCMhSsomWoq4B8FJ/CJb2L6LZJ+IRqsQQCX/kzO64bner2bdw/EOU/NU7aYrfjNBhaHLb5u/5WUI5m4tOxz3E4N9/dnbBfeOGALCLzf1MJloMHzja0e/ljFEF5JuRGFL0u6gm2GGiwRbwUWttc0MkeTpBQbN/2VKQSevNqIiTA32VTjrFhDwjymnBUm6riJWMDOvC//PA/cjqxYckxdfqZvPNVSgR15oTAOVjDuO3NbYIctgxUklligOYIJ74vupMMNt/e1PJOxBWXZbH4vISn8DnhjQ8eZN64J4YoLaPMnFSTwD5LCzH/xAAjEQADAAICAwACAwEAAAAAAAAAAREhMRBBIFFhMHFAgbHh/9oACAEDAQE/EPBeMEvOEIQhCcTicQZ0Nrk3kNkUcS8aeE8EuYTifhhBM9FiiMDcqxKRcDTQ+pPCEJxCEIQhRPypwphMWdirwLaIkY1ccIQhCE4hOIJEFR+74UvgEIINIhw4yFNk6EtCHBHXBugw6+AhCEJwnBso8EGMoxS+F4Qr7FnfihCUog+1ziJrhML+htUiE8om/Cj4eghMv0NO0Nv8SEeHYSOVSnFEUHScLZGSSvtf6Jdhhs+yEcjxW0Gulv7K9z9cFZBiR2JJFGydCFXYanBjR+cd8J1ihuQ3XKYrZDDUSJScWFBYaQ8I2hbeEQxiX0b4MaLoUk2GNeyB7DUyNdwgq2NXI9yCFwb3KEd/53/0nGQSJbP2Er7GeA07Yi2YgH9jT2QnBM4IyiSIYZSX+i21P9DdYaIYgmW0N6PplRoUNmqDbSCxakJino9qEwp0MarY6GqbQuhEhRP9iaIUT4tM2LwhoxIjR8M06x10KbrE21Kzgzyg3YTdoQFpIbN8kvkfMfSi+hMQhn0yvtDY1F8UvYiIlIR0oq1RKhrsyNbINicZ4WVBD2qVVaIjaWJ4Nho6GvBsBjQxozDUZopzg9TBUJnDxkFJFQ240MLkYW58PQpNqTN4TyPge4UemRCtF9j1wcCVyyMuh5ZLQnLCnWC3MK24hSYhBQoymhkUbP3NBgVLsjIQhDBUarsexqpsgjCdsuKNMiH7QyQsjHbTk/0e57fB5MxES1I+R8RTllLRaVs/YSNXke5GrIGJJJITiEEEE/fQlFkW8Gr0NIYnsInsJMGhkYYH+tjZjoMHkXJa5HeUginYy0KVEPReP64peWxm3RJ9kkRXsZfcewyiSexJBsGhVxOoXCU6Eehkyua+RtCvC0Ee4XuxKIY8sil8KXxiIiGRiWMNuqeBGhZoL1Bt1FNyDyN44rTqNAIjhB+WOKXiE87zCcJi45IYhiiC4qXzgl+e/jTKXyT4oxfwF458qUvM8F5L+R//xAAlEQADAAICAgICAgMAAAAAAAAAAREQITFBIFEwYUBxgaGx4fD/2gAIAQIBAT8Q+KjeL4UpSlKUpS+CFyJGqKoxM5NdvwtLm5pSl+NxyMSjjbIrUI6nc4LKF6SlKUpc0uaNiafxUpSjj5EdI5ihDIrIRbG10exipSlKUpcUpRxyX27FGkvCE8BMKOWCloo0fJwadolLQTPE2adn3iBpM5QpSlKXw7Akot4UnsghCeEw4I3KItEi8VETg1MC5lXh9sXb/bFomXKmN6uLlYI5DR9ovYKfDBh+DpyinKFJIz3RsVv+/wDIrRQ1JGUQE7Qt6Son7QSeqKRfcG3lDb0MOwVamH6CJRCVeLcySY/YVCQhLysuxo58iWH2JEkxPkNwjnBR1ikgx/QORawpvrCGmGMXw0xNpRe+v9CafGG0b2JHwOhuiFsZvgRvg15R+mCtC4KJtsSIktCV6IJ9k+xYiMRyEiaGyVokJreDQ0xhH2JSuBdJmk+hpdTf9/IkOu/4FHWyDWNliYacDNoePoQotkLTIZ6Bo7P3I3LIvZ9pPc+4nuJe5GTFNGusQSOxnQ3QzmyobWsG0yrK0/HuoVXYzhlYhgvCBKxqtjZidDCFEnDD2FdFYG+CSGyHyQg4mW55PoWGqJXsjL7RUREENsUg6UcZHTIcM25Q4y0uRKywlKKKK8xclKuvWEh17xco0OnAtWrRaUznO+dkEVRoQQPphwpT0hqaLgjRZZSlKNih5kuKfyJ/Ym/DJ9jTQxaFFvuQXoQSiEswTPgaSxMPkhGTE8pTcWlMKKyBLiSrjDbGfYrmuRiW+RjhsSZCMg1WrhHLA/UtdwvGYfxUpcJnKISHRwI3Y/YFClGkRsQuijjE9FoVF4zwhPlpRk8AtEEjeITCWb435Z8r/Av4V85+ffL/xAApEAEAAgIBAwMEAwEBAQAAAAABABEhMUFRYXGBkaEQscHRIOHw8TBA/9oACAEBAAE/ED6AgggIQEIIIIPqD6Bb6D6gjT6D6Ekkgk7YT4Tx+ggg+gfwN+iyyyy9kYYfoH6V+myy4TCNOJZjTcAih6RqajT6wgggIQQQQQQfQIIPoFYQQfTJJ3hn9Akkkk+mfTO2EEEC/iL9Nllhll+m/WL/AAmkpe0KDU6sG5tdAGJnhEL0Ihqhq4CMvVYsAteTiPpfwlRVfaYQG/P1Aggggg+iQQQQQQSfTPpH0SSSCT6BJJJJJJJJJB/A36h+gyyyy/w1coy/QVkmuYUUB0lg3bFS0UA4ltRQ4mMC3MBB4lsFOhCgADoQrGiNmkbFhfAymH0BBBhCCCCCCD6BBBAH65B9cQQfQEkEkEH1BBB/EHhH65l+gyw/UDDAri2I1K6iMMrCjNh5RFXFbMxNIAsNyxhJOjEItydI+behL95jnqEEEEEEBCCCD6BBBBBABgAhBB9Qdn1CkECH0CCAgQ+gQQfzXsssssP1Awx4QAyBAWQTxBYh7RRR9iKU3HWHcuKuzEwQytxooYrwRwiuhMrJaqplxFzZj0iaUMPEFVS9NIECCCEEEGUICBAgQIRUECEH8QEVAljUaqHoBLmxhBBBBBBBBBB/H7LL2xll/hAYfqFFirrUwgO5eIPi6A5YQUB1eWL4hcHj3jbQGDm4lJeumImVFanXCtRmul6MsXQCMCtRUIICBAgQMQIEPqAgQIEICBCBAlSoH0H0bhRqXCrg+n0kEn0D6BBB/D/GMsssv8aKyyztmXvxL1tWcVFXa8SzuX6I3mYEWiiWcPGJoTUMlI9pRZCM5+0w9xscwItTPN0RyS2u5HmIJYosadRFfQFkFQIED6CCCAgSoECBBA+gjS40qA7yzbR1ReE7wFrxKcO43OVlLwVCD6Z2wkkk/jhhllVKNQ6SBoRZUeg6wH3JKba6NzSqlESZJZiRrHHrCFqXHlAdCDbCImUES8UAi0RrpNVzAdDyCONHxESG6VpY6EVrpuKasXgSFqLW0WuMVLqIWhogZuAr5l4EZLypT7QQgMwIECECBAgQgJUCEEED6GAdELd3iEUKcQNUA5LXSJKA6esOomJ3CSSSSSSKSj+FfUMfSukLFS4xsGIlpEvU5RnbB9BhhI3AiLdt+Y31mWzUtQFeBlsauhqNQxTdpYLauDAjmeYFhMFuKcvt+Isahpi+2tf65cgUeBd5+b/MYVrOY5wmKEEEBKgQggIfQIJJT6JPjEgqgoKFIKGricxqRL+gQRX8KlSpUr+TqJ+lUl3cEYZZYYYRMP8ApN4KAVPJndRo0IepfMU5RDkJ6VKRahCIgtYxliAAaHOcY3/ukJRcYrWMmc/7Eqx5fsH0qzE0+yL2wLim/EpsMLrtDKqXg46vh7zB38BahAQbu+1RulyGzHTR+iSSOEHZ/FEOz6KCXn0DhB9E+uCvpX/lX8U+gfoPZPGeM8J4R7Y9kfjzlukFOrC0NyXzDYA8QqahIsMNqhz6Q7oNXVd51Dp2ULN4/wCQtyyhSMtmMkbPC1vof99fpmytKsqoPtTAqhBVOeBv0mtXOFTdKzD6hk0jdIGaICLA03iis95U1cflDsh2Qg7Z2IR2PoU8QggEag5dnAYlEAI5RxfpK0C5HnNCrHOcTDeH/HMVA7KuP2iEC7qtHPH/AAUT2+aH5Z3UwX2f/BX8GGWdoT4/SjpPCXZEGeALYYD7WQdXp4qDslULivWMqlqUlD1xDpqpavpSAZ7SoTSlu6JcTBvkPAJV65hTh9K/2SvLvdP3gRQ3t+o5mcsdcRCKDt4aXWqqZnndcvAlPSAkFkWxRTJiajsmM3r/AJ6TsQahd30Q/MNQusGgC7vyzGECIwnK5wMQdRZZVnQuuYLU1qSu2tH5zGBlYdkJDCARFQ1nsAZg7n9D+uWl+8avjOIewfLCt65r4yfeaRalaTupiIUUB0dAEqUjL9i6gr0do+qWQAOorCAiAVgY9CMq4ZLcpVZ/gzCIdTVX4QuLMsr3OO3xVap6BJRENnYkMCyACxEB2jr6Xmv/AFr+FHSVAgpQpRtjxbQxbd3217/xzaqdQ0M+8AgPD5fzK9IriZIhWaBsNHVqcxdAW43SVB7n1ezauXMyNi4TWe8etC1V9spLiVAJYS4YyMyJEg4PIVxAeAMaK43q8ygNgdN+i9sA7KukXw4lM0v3dZjPR7TQSpTaHJ346x7FFWssd3GGcBOqPcf9iZAglJV9+A+O8R0MvZnQ6+IkEBRi3L1a1HtObBsx2YKQsWVQ5Y68Ta4zjL5i+b6cB1KzcOiTsYfmFYRIgNblCwwOTpmj1ZUKgSG5Cse73lXXKzL6hGvQeYfF5OezYMuObSnEYpz/AB1Avf8AmO/wilBOvyLGK34KWD4t8iPDqAAKUhR4FN3xyyNJKhmGldf0ytDhNjA6xzmJ1godzoxLc9FQ0odRl4U4bD8SkJOxSYPnWILrbC7WRIHGK+QAn2hcz7P6y4b1Dyv/AMzsq7btz9WZGqofjG8IzQUYpM3+IKFAct+8y2Puj+Iic4ROilFmRjTsQssL5Mkq+sUlkA3Z8y6uI4A2BqpbRQ4leSjFcR1/YkMWhIbDxXoECIPIom+zDTQDTnhJSvygwKZgS6smbdk8OelPB1jbNB2s2myVmqqsXuOIOpUbNZvr7TbAIW3ajD1+6MI5HVF4UjF4eVPREQY4w4Exe2OLnUahYKaANnzERVolOHLSfd8Qm6VYVQAazAmqaz1m8b0uCvsWb3DpDaNcrqur0mEXRQMdXLz7x7N2zBba2w6gFbUGvffMUm2R09B1hrLocMXljJ5feX7j5tnpufFDvGqc0Sps3QHJ4j0d1SiheU5TysdyVJJdyMC1y0q5aS3Qu2o6KQpLvmDrZyN3k6Zr1p4jgG6KDDafXnvc1LY+v7D7RfWP1jHMtpAujNQcgaVUzNvEuMVMMOVl5IyZOrKXPebj1HJ412ibW+ILtYPczMN/gHNdzjx/5mz2/d+rRjVEoWq86iSL0QZKpjEG0XsJeDbFdxRCgNWFQhpikFGSwHfuRABMXbl47RMKjk1XiGBViqVpF5l6SEEFfHMaQkaPaIIzCwINY2xwzKlutAVY4kMFYZdYwqN22WGJ3JT1RALKu7Mqu8+8uCzNwHe35mOCiDyOh/synuihFzfkZPWZgTdTazr0JvlJRWG7U7IuZigFGCDYyKaHvEuDYQtGCvEbEgJ0eQW6vrLswwqZbAUKzBSAdgosFZzb4qKlGjBkcHPSLlFT3PmWaM35IzvAFXM01d9JVtckDxgy4e7CeBQsVeF6vFwcKhIFou+3aO0BxeQHui+gblyfbpnlIyu6s
    QKiu7U+o+w9yWhAFKN1+Ii7XYVnfEa9QDGUwzRVjLyI/OGfILr7wynsVD7SoyMAUeeTqMrfgW4O1L6ALdIusynYhKULdoPa8dI5rbdT0JiSK2xzhivnUch2IAC9OftG6xk8iLXoytWoqqF95hggEQiC5TMpRk6OYxvGU6b/ABk+YY6HMn1GJAhdUju3+FBN9XXMvLeCn3hmR6EJZ5C2DuFO7s8TV5MXCId4aKj1aYMGyK6HHARChOpfeMvgLrirUOI5NcNrTSpRKPPMZ21DiZpzh6dptBrSG0Zm3xIFtZVrnEUw6NSxLL75uhomr4xliqC1MV8dIKTgq9zrgQBWDTTw3jSOAI2XxZcarWC8lbzoiokADEychhADgKBXrM/DdH+YhQn1/iY0wZUph0+vEo1P1AtkvSLM2PIOCL8QvUa9NwguNSnBh0e/+yILkBgQV0FLJh/WvRjFWX2t8RIPItOSjKlZ6doDl8jAbo8TPIxfcgxI3LkwGIUIU1avQcYKL7SwHeChUmzgzfmHESnMC6Vz+ZpiowVsdr33lRiEAbD2rC+GD0SpGbVg4Ub+zrKi3iOLeC0jo7+9kpk6lSwFeRaQNp9oCr6u5YEGOMVr2BDFK2KKqt9kWAyC8XhagitpSWc22pVvO7jeKSaP+SZRHUS/CU2EtrlPd7xPgmQlmWitZlxa5Vd7abOnbvGoTHBHRgFGwGgTGEdesrDa935SZ88EMGSegf3Bav6P3CTgEEVz5aiMD3E/MVu52T8y5YXl+GKF6f6KgIeNNF8sR2LN2o9R4e8rgJoLsv7N9Jx9JkR6ibJY0vD+iUoJ6GH0hVtsIFF+JhJtvIeyRCC3awivKCSIABw4EV4VfKsoOA9Jk1C0UWYL7UVIA4ZKGYRbgXmGy/uREVQW5Jfo9sC/pHJsWXXaGUjqtl6dfE2Z6vuxnzCFIhVUFOisFc31xovTMr29o35hCQqt2voVi+sDx2fTdFaM+0Bu1wKgt+PdlcAjnkXqM7gh5aIC5F48SrDoKWLaNAjtqBe31mvRHyg7YOKOFvNcQTEWZp/YiJoCjN56RcajApL/AAuPahBnby7h5stXacZ7kEWV2RtZt71KWItSXwLo7EDpFd2AJY+Z+kyajFooInZOZBfi+Ih0ddRW/gIn9aGo1vZLrLbt38RmZJoXFNYzAAK8EygDRZMpuYvQiV6bhK8IuIpa3PUYSrE9bnUMYLLsyKY/hz/MUdpW03h+zEfMKfcM3P8AUB+8Lpe8N95UR3WeXPxGLtdUPtDbYa/buaLHNn8Y+I91EfkjPxK+Dm4vbcxngCWbbdoRl9tcCh8Mr2JjkuzfiWSBmogchcXYrJBdIVjT9tWqh3NoeYvH+6TJHiBxC9NnKXEBjLKlZz+0eAxKJTYqPwT1UwMl+Y/ohk3koNbBqIirhpAuryy/JG71KSUCJBLZ49BeIM5oguAmPurrESpdqFCzA6G4QKnZeV8IsJDlFAOfEBKr/wBdIoXTAykZUWWPxE/pRWac8neGJiIoG6Xp3YsjwxrzyZ3xLqJbVg9tRSFGoR0WjQ6zvxGA3/NAG3B/rleMaqD5Eav+1uWD2vB+I0hHdftDFYFClCmjRr+4mKMLX4dk9SYKZtjuAgC+mY3fm/eHN737x55K7mrtN84KTZ8R2tWlJ7QdCjoMmgFIAY1nUqcfuivuQ/cIX6JxM374t3yg7RFsEZKvIisCzH2/ErPtWGrA8KqYspqi9m5SC21XvGPiV69yFHtn4mYX0A9jmGvg0lMwSR4be+5iP8MzuFWI6j9ETqnRmLAOtWQNDqjyS+XeAEYV7xT7M1KvoiZmKwTJxLiorZRBW5QwxDAFtswV39Jh1KpflW0cwqqwkWpszOVnY4Nj6Mp0hhTlDVjiRGsydHEiRVWgtEaDfGIWwEDnFd89YYHU2rM6ZfMvy4xX7iVcEuKyifFHEOtcFboysCOEgopalXUOjM5VEJMmwF1TNW+Lw0CtjR4jViTVo15gmA+BxLEyhZh223g3QD1gNCMgKJe5Wkrxal94YhamauC+sbC3zClxlL11zLMI9o10e0r+lE5+xH+gj/SRP68E5nAmUHw5T9R4/TjECReo0+Jm2EtofLLAL5nUDxCNdUMYX4iYQWpn26sEMKDKV2B+8FgGg74tY9Y28oWXthhPOtD3ILbT0R9nMNIGnYjKkK56/OYMDPq2e24coHlB76lOR+UPzA6Dz/WEq33P04ctEsBkl4NHifeVgsZEbGXwDrxHPKFbCtpN+I+lZeTuhqDdoLFc7oawGlBQxBApJykth0JKFozS2c4xMkOi4q4L29oRXOku8NhqohQFedCHaJbElGmbhknWs6VXtcVqKj2ZXlrLRFyZBw9X+oAVzbTKTidDFZbmAvJsiCrjABshQ6VjKL9Flh1BFC04vc0mp5hAAB0CMHLIt9Ok5gVe7/2CaMa5X0D7r4j1haQfU/OIDFvRHo95YQKjSUagNAyJBlB9BNf700PuTie9BNSu0IppIityxxKCw1QwUb45gjS4UDVdU514lGJkrt6rCy30uMKqYRBTXB6HV8Q6PBj0WIdSuX9wYh5xUU8CNLh2MtMpcHaA2X2hgy62jnJu+FEYdu+auuFp7VA9yWTeqYfiUtlDfG/aIDXpMXphp8xdoFd04byV6w0V6i7b1MRHohrvI5jnFacwIDVVsnkCe0MozZZV0Ayw8sgsShO1ygAsVlLqy3JZuNFo9kNC8h6xAdkhgaqjZbZ7yzm0FuE4HPSWpjBAWqL0xbbDCp2uxqKKXBr/AKHPSX+WF+WFQZ2XXUZmAtMgVXmCCGmF6wAYmDXJcAfZZ8okrd1qossO8vJAF6unpllmJz9iXnVWOBdeYqsIxySrlw1hAS93mMwoyukAqqGQVIqNcFOWYxdebyzvZ6wpMETCi1qzzDRNzETlJRZj5thCCjkZmgLaLmJbuVTNBCLQpM5OPNw09qDZ5bVGQ3WcXcRhttEUxRkPFnWrgIhlO+Ht9ntBA+cebT6y224esFssd5y09ZzX3hOXvDBl7wXP3g9wavzlzIgO25gHZMvdgtw6GG0lfeNcWJ2q932fMXH9HA9BoJbju0ldpYgDeaIWy7usunJ949QACl91u31jlep/BUufCVHyaflTofB7QuPO2UOh+DkmCLhQ8LjjbpO9GxNbKN1RpStQ9pVUUOHHO4B8Mq8zeQX6ZuNcOMMvro3yUw67m7ewjomwcmYQuZvpLgaEC6dD3D4hFCwtXRhe8CtVU1eoPR+UFPYvDz+jDYq1jvD7EnWxpze7tYRU1KElgODY30jj2BQ2zaTZmcK62jiJCYvQfpKIAg7iH7qj6wRxtmorVZekBDo/KKwQ39/H1AGmdoC8J2jRmtdN85mWG1RTGAkbClqSlaq40GMrXtCHcWHPUsVGUGz/AI5hlZjOXitrV3hMlHRGWQC8LCmhQ9P0y7iysmjvMnAyowISo0gkvBShVJ+ItFHShcJWhtlUHkY7UutreJl20FdXlHrVesvGVR4LZr49DtH6R2JLXbALlTD+YDG1BvrAiFuGFRH247R7IekCZlPM6qA5hRudVOBBMUwtv3lkvvrK6F8Ooy+hcaJs2OHR+fLDyUwplvCWcvb3ikTgy17uvCNhTDhPIr3Hidi8NTkrGww5F6MD1lq7Byu5DeJUdTeiQLH0js9hyZ0tkPDL5TrsKuja7odMR/OC27BW2B3fEz7VEo5asMhpO9mIGPHvbHKcIGlcNwkwRo1fXa7h0FswwCQAcQvgvD2WO8M/sFaEau5rw/Ykipno+fbEc4Q+z7kUuaqoXyjwMOJNR2eFyNLWgtgxaKndQ83Y6XUEZThOr7TUEhk3Il95rzL/AD1sj9HtKp2rf2CIKQ3xHMxXkChlvtLUqqFbzQ5sl0dtmA1eMk5E5LZUr7HUCHCougrWB1xK4qEBWxn7IpZRRaTyv1XKJRfQrPGu/eXQ67cAtB6fmPYltafCsQAYAcGHbV+YFAfapoFeGFVTsu7dWFei+IAz7MJhb3hRk8lyrBT4i9rE11PExbG1gbx6EXVw9Yfyes2hZyPiMXike5mXvklSOvMHkjCh1ocl1s9yI3ef3F8S2G/qJozMYcokuUM8MuUx2zEH4MayExdolsZRbTBEQvyx7TU0THz38HzN0lsaafUMY6oSzpUva9U6rn/lKVXLLASjhekYCx3RClFdQ3zDkJaFkAEcKoZghVygBSqZoOd46zSnh27SkGA+inD55glAdyWrY6oRGMKN0b6RB3C/cI5njSJ+6D9yWl/46Rq3ipC5TVNWc7gZNGwju58HHeJnBKkbNK1Q13ArO9korYN3c8xkS4n0YJfpeDwEOA6t5R9iOpuhFHS7+WXDqoiwXJtbOL9c7qo2M4HFll4wjbNFywFAieDgetc6EBSLbG9HysUKfin5lyAVWuTPDM/GmsrmxV+8KUpXSIKBSjtA9rvH3QgrQXVPzTbHh+wikWdFD7KYQg3Sn4Zjsotqw4kIqatYrruMfRHIeJwCXfKAN/d+4OQPFJ+ZR2X5ncfKC6NeYGcfeHYVKY3HuEuX7rmDWH4LfxSQBMYNm1OfWcUCm4EKNPHI6HiZtwurgzUvLq6QhxUBLOeOmUey8hMyzuikHh7mmaWEGfpmGlBz9hZVCB/YKH5iQHcqHs2Q8GHeI9m/iUt54CvhKwd0j9jMhXpLimkvIMZMIjAsSWfKoO+AgwlQ73aH1t8V0ieY3lm+sJgJwFMW0TfDXKUrE4tVYvOB1cKypvxLAld1WaIdaxoOPEequehMWzKiICy2m1xt7QDstwNo4Rg9o8RLpHzZZKplj4TNodYF4Z5QdbmBB2XGSwyAphcMrCOe5fiLQExkA4KZ+ZfrIztBV0nTvHjki4ry6c6mIphxStFW9M+ZY+lqVLduX2mYmuAjytW3dwCdqi3hUPqo5gybW36eJZBRZYrGelpiGkvofxGgWtrS2+sRB8AvCvs9ZhjVZJ8x20TI0+8Q1MBpUA4z1liLjCvPl0iIB+UFQIomG/8Ajgmi65+1FY6+C/5iUirhd5QA+7+6Vk8VT8sBzSlned0XhYBmnpP8Ejfi9oJMn7Ro39iXrV/aB3MD5H8xWnsrFIDoq8sR4OKX0LBhUPG5U14vIMgdXizrcoq7If6SzHvqC4L0se0Nul6MN1CBR1QbHx7RgfOfsSD4rqle5iIaRezL5qQGoOVT7kpAg0LHs3KM7Ah9ypSnXml9kgYrVbqtV2QZUdNMoQ5HrkfNRFt3D2PwDASulBrzHUq5HICQu1krNQAo4q1ARxVGiMuIsNgnUu6zVxAVsbzYLeJnEQq16O/eJMXHkyrTbYJtz9ASmYSZgwYryPS/LKU53H2EuuB3T8kyfk4r166gopJ5H5hlEPLfkh6wZcC9zhi0sIFLB2luVadI/S2XsXmuVKZTkHNSmZS3BfqwB6JdyjaMOM6ik5r6xcrB0zGTKPVI2wV92MbJmVfzGSiujEMi71N7zqJ+4ltN7M2qHV+TLpd78y9FJK3b4al2x9s5gVqjiJ2MCd68SgzU8Q9EmM4iDS18yhjQLvgJ9xKOazsUHB7Bl6p2IszQGctZfj3jGAKBcOv9AgrEiaYWDoiT3hTdAs6PKvxEK5Up8MSlsuhj7vzKIG6rPez4lge3a/dDPG8Vfqh8yhbTQfwv8Teo6H/OWL1Na9n9y+qhtrfdO0DEfzA8nugRsa4EIVokXe0htOrdHk8sOG1ZWMgdYGwfFNCzeKW7OkfzBZejfZz3i6VV4LBlRttXPFQqCjpFGsunJcDVmHndgXWLqxRxKX3+AAih5xcr7bllYxBQ1wfvEUi2sroPSOShrOemiVaQ8A/EWGiH93CqRLlHuy0E2seYpj2FNuvKhoo1Vt/wJkEs5NAZWwJXD16sFJ3GWJjnUD8m32lTb7pLOrMKH9oxyPrKzh9WVM27w5b2lbfHWkmXb4qL1vtLOr4mtA9I85CcE0DutGo0aV4pljWTjWoNir1mbCVBC1C+Zi3i98zNynxFtgxKtA9JSGxIXzeghHP5k828j05GNHKuVC0Z24K6EZHa/QLaI0QsAlo/AfKygbX+0IIthyfuFT1dCIeloRs14wHqUzCYvBT2aTJ7qWPWyOU0+Qj0awQq1hvqoPqm7L+Y+ZYHP9iPxEblg/yBFnSq35USWZjgCuui38ShS3wBw/eKhgiKMiz3GKsWKONojS298aqdC8WvA1YcTA5FTRDHRZ/aWxKqd1VnkdBUY8MCgA0DuaXdbYnIE8gWKwN1SRKJbhOrqI0Gh2IVJTQhTlrfO+sCbPECAjfVN4qL4hQFVwHWCCb+uoGGnH+CxG/9S0QKnZ4D6KykKagOoAbVN0nJ2lfGU7DW2qcVxGEgDQn7QOUR2gxdnepC2x1STAc6OiFxILJsvr4j0DDCN8+hArfWW/6mFWjtbGNeX+2OVtXb+0bNnufmKGgTeYexg9WMwh6MpxVb1UOQa8EOY1xqFY9Cgr1PMUcfOkEseublaxy6uphL6O5huVWYOlNy5bTkusSpMFhZ3C4C8sgex17wRf2xJXQc4Lh04dYHhfqBiDdfuQGLvrNW2NZiyoy+jVx9bDqupbtPZLzaD6QqujEr2uo46o6jvJVX33FxW2aM+kpuILaHD/ukNeYoyM45bvOC+YCcyCdIoUxVlHiFHOZanC8arGIB0OWuO3yt45aekfyDMuxWOmNzk+slNhGQH3rMMBneZ8q4Hk072XDDaFay+hLrMtaEx+YU4n+rl+mvWWs2L2g/4CKsie5ERZGjsSq1zr8JK8e8rue8ovKJ2ih/SFAtdAlRKv8AdNEXlclD6Ck0QmeB5Q+kKrwDg0Goy4plA0+jKxw+rEcA9GADhV3iAhS+jUAYXaLTb7JXYo7EWZv3WJORXiPVY8VGvNksOWfaBIJ3dJiIVOSNCi55TmWM2BHFUveCNHXjmGwWe9Sg09L1HN0VWjmK947xQ4xgNoLxWoOqgwC6s8TMd+mIynfrU2WbqUgQj2isK3jEuKv2ajtI9LgjHsTXK/ELukMwjxKtwRC+UTmFryQV1eYexWvoD32R+LTtwcj2mu38TFWcNodPWFBo
    wnChrnnDay5AJMjgmHQGDWqDCpsA5279mOPs2Z07j9u2oIpTqWj+d7T4ivMJpot2EyX7R5RXhyvdjxPif6IFfH5mUxTuwF9HiXfeeNlFPiMrarNnm2z2Y4iO6n4qVmD3U+8DUIrimfmXtza3l2B90iVzj9CEJWWKF11hzuulwZZg9vWnLvGi8EDqqqgBp+8M+M9mNSgzquewRNL7S5eOuINd2O0rdTtFNgldyZNnvE8r7CQVKtS5qjzbC6ilM3bAcjVYvEFrfVQurJOnMwyVPnEByDndSlstawxa5uysMAsV0U/3MYMZtlKET0irtx0rUoko1zUXrWNRJTATBiz0lW6McIXUcR+RTEmrXpqYSwpxKQs3t3cVDNI7grXSCDGNmnhcrrh5lJVdnbEZNsnEUQ+Sco74lZiC0mXDnh6RCaOK/iKtiOUXSdVp9IHJBRQfa0KSDdwCVnynpM6wwLQdn9PeA1YKwh6BG6Y6Bcdsyth8sfzNrV8R4C5QCPPWXbgDlQ8FQfCGaF3dIlXg2h/cp2S8JkIgucuxw3iZQLo4sdO6LzBMHO1DL2wcQNuArH5hLlbtTHjtGAt5ymIMt1T5lQpDrqYJvsbqM2KPRqW3VmqIIODDgxNAJZ0jVrp52h4xZV0wJwC9pUoTjNShb5RuLTDSagDt4WYAO2W5R0vbDTMBsLwRGZMWZgaCDj/ssL6AgbSHNj9QF2DbFCIqx0QiVptiuIrqi3oIiIo5yXHNWDpjcesZ665lau2FywDL4lZWnv07x+qL1eLm3Ly3mOy6c3iU4nWIxMHwGpsDXOn1g2UXi61LWgcdHMcV2DOWofEabC6j3KTv8Ra29sBUqNBerLhHIJxWZkIFqUEsW8cRKkHisR1xtZajQAIcWju0Ot8WlFB0wjbCHaJYskpbpTpADATldvbpBXQGrenZrrCKSwu614gGiJlMjxBLRueTP/ZQUDPKn0gRrSB/NX/qm0B2SyveVAM6nArxE4C2WwJyBuKmCmIfKtOYUAI+JTBbzEFAPxLNG07N3KiYWVWDMIKBn1/MMbPgGYnyaZa6wbcwuyPmDKQZ3CCAHzGuHvgmYC3iYNAHwwIYNmsMDgKOpT7zPF+JSCHrcSoejZ+Jcy4rFGhjKBPNBiMRujwIMoPICtQQUGaZflbiXBXVKLYgVMuwi+zVGjT5gWhES1iEpO4TjCtUYmSXk4xqKyj1xGyja+ekyQoR6xbGmKy8wbULQtLCk3jfSCRd27uYaFXQe80FssZltbIaquYikNVQ8MyYcbSINgrAr0cy5eurxqVEoU7WIcQ66UwhSW1oXMxMPDAA058QMXHcRgLLyi79pstV1SJFwh4lIUnarmDQDrAx1cHEaNg1tYuuV7lV7eCB2BI0YF1cEBg5PvDKB1lMnvBpoRb3km5SHnEBQC2rdX0iYih4MJwFneqh38uBgypzTU7ofUqLEO/NQDYo9cIDxAhRUAQZRsgrxeOuIZ5fCWGGiyyoGQ/UT5JRRR6lR8QkaHVvXbEEi7HqhFcvfMsSkusmYAAd7uIdpi7X7zVuga4gu6duBKkEjhS2Gi2vDmXRbacswqFAbcwITL9tLlLuzZy3XSXtRspvf/I5LZT/ALiNcKS6Y3SWWij6ZlDoKafeb3cHEQVK65ihVW6jUZ6LIMoKovC0/Erg3YEv1lGFBbuZpQbq/vBWqHZbOZddzpZmExJzZeP3N0At2NXE7qvCn7R1Uqw4+YKyFutRBHfLHvD+UsURxIzm81ncoNFd5zxLFFs1qLtlN0OYUC/c+0cLF6v+oUJg4oEIylFtuvmZBNPOWJsRa0qCwIhqlz5ghFXmpx0iTUrmn9TU3wT/ALNQF6zxKKGmr7xxBvBcc51pCvvFQUdQ5mQX1AxALBtCFYzS+jFPUCP+uF0BjgVVFNF12IxDyF+0StLXJZhm4BqkMEQ0MNtXHNoKzGXZrZhB04l3UoZVrSwwaivJSbINEoYqJgPUy4pILp/UFoVwdYKhKra2JE0BB5Cl65nVtc3r0lvCmIDkVYLHrBhd+3SUqtqWl+Y0iKGktgAD1DXxC9cZ4fuJiI5rk6ZzM6UzFyTtMpl3ZwSkouMjq4cMvYrMvg9wFe0Tey62GUwQFdvxUQ0D1IkcjqbcwHShxvMHRFMk1BO4LKmOAOFfiFINjpWI1K1KyKG/EQZebP8AcxYtO63PzEh2c4JdKArrfeZJgNmbhEal9JjUQZw4igq20cJpldhax6w8lX1bHaDhbLNNf9gM01m+fExGeK3UrqpFW3HeWQPRYW5zy9FuieEaaLmOAXnTL2Da8tPpUsyAN429ZxwI58xIXrNgblI3DoEZws6GJ5hZRT1Ko95VqYGBZrvBEKQyt/MQA3MLG/SpdhrcagwOnupiDNwjMFKZjHOfMXeot1drgWzffcoAVbppIFhPUrHO5U+dbhluthbp+ILC2NOZRovqpgWIUy3QqAki/McScrBBuAotKnjEo0b1RYRhG4OOQ+
    sACjl6PmWFZ6shYx5Ici2ayAlMOO/HpLTIMAN+kG0t2jTAEi0zj7xfHj+IBh0a6xFgt6MnjvKcslbKi9bk5ynpBpV6qK8xuFNYL9mEnUudfzEUiuaW6liREth69IoClGaqr7QpWaZc5j4s6HtMYgNnR0h34wAsJinzh6LF0IzkxVwbdhhOIAFDoXZ+o5QgL5PzMcVC2Jv9RDdABULlGVqqeH2iVIXWMalBEtm+HrUtJdrvUqUrgVlYXU9LvLjz+IVgncU13uCtoY1j8ICQVsVV+4rtbW+DAggOSG/WciD6GWdWXriWoHhSfaapi1eT57zUaVvbM5GeFXPvE0d7VqdOzExDF4bNVADTTjIf9+YL2W26qOio2WTvRLiyGtn9QN+BGDY98Rq5M2pkvxPeC4qKjODk/qKKMMsqw9ojVV2DKFhDDC1LCme6GLgVYycTKgmi5U85larHUHp3mwU1tMEzWdjpzmAgQxWCpWoC76yqKuAxlgiLauChkOskAXI+mJYNN5xUQKg5pEakfQfuCLJ2yqXAodaL/qL0QOFhKys2pxtMBRTRnMy0gmM4ywOcRx+hIDoUaK+ISkC75/5HGjBMlntGMy1p4ekWbHIjda6wSjZkd5hgB3W8s5g4rdelCtUIpVP2iNjbu9TiQcCr8RusPa/cuVYOFE1FRlfACDgiCjYfEsK9RRVkILd5obEQ
    LeldPEwxDeUOPmCjS1059FTIkOuyIEQcrd3UKO0WsXf56wooKs5dMRCjszk7Ri6jkBfzKrIaYQlQ+OWGHW41PDvdXriI6V
    TWB7ysMHu7l/IDkjMtSzQlogIFmykQwrnNP/JsfwESghN3gP3LCW3irg9ieeL/AORuUDqR6ysBPqpmYQrDKZdF5MX8REqh
    0DRFJI4LH5goOd0pSRLuXutfaAF1yxm+0bqqmNtkTnKa1jriOzJq7/zG/j1rHHGZnpa6QGJUIDmxDxHWZ+/tCFrRQ31lcU
    m7TLHgitJy3Htg6K4je4Bto5iAWW2cV1ltYmShxmXTI+C4CzQeNnrDLsOVZ9I4WhtbagIBW26NsaUE3tcKki8/7ULMLtV6
    8wY9y3dwe6/ECwblOj1qPZXw22/eIC0dXkC/Ms8jxHMEKEYSh8RV8ySAGsnIttestgaKGRm7Tin81EBtFYs90C0UGtiX1x
    mECJ4AQ4pG430QWcDLQVfFx5pffIdqgapTZgsrcaFP3PHSJSw2HTMRu0WltzNAHOMYO0bWKFkN+CEsWVmy3L/sRmFFHHTEAAoXiPZCKfUCk9ICXeDJ+pmwA3QMfqZcbD4qJZZpLbTxBATrWqOlQMd63Z/u0oGVTSlejDE2pdIftHXixTJzBa3HJv34h0agVn84HYLmgLlEYeHEUUZODp46xRDtA+xGxc7cvXzLalW8bv2jeVOQ1jdwM8MYG7hg2N7WvSIAMC7XVxWfpjNnyZlwsPyWV7RJfDqydL6xMXkYrUSGHFCUX3hJbKW5q/mZRYC7f9c1BKY/b/ahUwCcGuniYhzLIlu9nWWNwVEVcpRpBd+vEQcl96ohUKYc2EI9QxdYYgadVyOkCC/esFQbvk/KoIbAGLoXAKcFeVQLGpLMN12lkSh1FXUbpW823V6i6ANAq7YmhVSmGUFu3VCsHMAOZbsrNwoALu3IfaDFqyp6L1lYAqqt2lZo51y8domCDPdjUWCixYrX+/MYW6xnmADZiimOkR0cmRL95jzNrbWOtSqka5tc+OIqYLLoqxvNsKqL0KXmIK90LZan1jtuU6Ao5YqigNOq7MaxnN0X9xAK3Ci84+ZhgtbNt/jiWgL2rtgwqzso+yeDW269kblNdjXm4pjZ1X57xCCLS0OYgIoFYAQBpL5QoDzCcOXArZYUrLljvc333RvkgKNjg2mvWOgEbuwxMzrusrD1jRZkBoQPrw1DQZTywl7Xt7c9JW6qFzRvpANitOKrGP1Lrxb1cy4EsFJkJSoSqwAqLFYjk4CFBUeLsGKkWFilwZeQwv8ArrFrRYL3wQpXgBg9AuJQPUK0S5BW8LcuVshK485lCEyOSLPSxV1z8cwAItW1TOfvEqDv8kaAuhyIotLK0/JJkLAXnS94rQkZATT3YrBYMi49poF8DQ8XAjIB4pctAFTSV5gW7lR2UFVYdMLBCgyPS3tHaFusYgCwvOdxiGyjdR/vWESJU5ePaBRHQYB45rvHSUF19oN8yQvybhhnefrENbSwxq47QGC3LF5lbYb3TVVf6lqLuAD9d4ORzLsfeISijkveOmYBuKNuYMnYP6llAcu+fMoAF2bPX9TAGk5K/UstQotJ7VKyWy1xUtIWm13/AK4FbCw2kVuLxZNB26x4tgOC2jjz+o2RxZjOIh7wrFmokrItW1v+owpLKGGTvHDootn46THJpheKags6uDBPEyO0tepoeS4nIugtDHWJV0ws8ePWAYyGW6UrULS0DZYv7xy2tzv7y2FsOTvHVS7vi+PxDNqwc9SZwJUO6ZdRkGsxACRbb+IhRyW6l6QSkq/tCLpapq0mFYEY6vWFlKxpdRCnsIiczgRLp3nmUUKFgtPX5nflvetSzNbysquYhqF3ricg0ctmeKg2BVlV/qhCYhV7y0zQKvHmCVmgNZj2g04f3BSkBgPM0oXrWY8KbCXW4gsMkf/Z');


insert into announces_picture(id_picture,id_announce,imagebyte) values
(2,1,'/9j/4AAQSkZJRgABAQEASABIAAD/2wBDAAYEBQYFBAYGBQYHBwYIChAKCgkJChQODwwQFxQYGBcUFhYaHSUfGhsjHBYWICwgIyYnKSopGR8tMC0oMC
    UoKSj/2wBDAQcHBwoIChMKChMoGhYaKCgoKCgoKCgoKCgoKCgoKCgoKCgoKCgoKCgoKCgoKCgoKCgoKCgoKCgoKCgoKCgoKCj/wgARCAE9AjQDASIAAhEBAxEB/8QAGwAAAQUBAQAAAA
    AAAAAAAAAAAgABAwQFBgf/xAAZAQEBAQEBAQAAAAAAAAAAAAAAAQIDBAX/2gAMAwEAAhADEAAAAdN3K82J3Vn
    JxndxncgXJ1BycFGgUaUXJwHJwUbyxKVKBG8A5uA5uRqR5Y1KiIpHInleWJSoiUqImlRE0rELTNUKlYiaVJCMwkIziRNMiBWJJaDX4Ja7WKc0cclpKTaUUUVfUueTl6PM
    xO4zk4zu4zk6i5OC5OC5Ooo3lBzQDm5G5vAOTqLk8C5OouRAObygjcBydRRqARoBpERtIiNpG
    I2lYiUjEbSNUQyskQyiBNDU4dtcIbnk7DQt1u/OCe2VC7RRLRavZWUy74Enfv5k7kC5OM5PDO
    7qzu4yJwSdKnd4ZE6i5IFyUC5JRJ3lZ5GgXJ6FyeUXJwHJwUbgKREakREpWImmEjaViJpRIhl
    EjaRiNGyg5zYsUdkM2uiPcETzOHWSnVinTbfmIrOlXNreeiJ16fEiydGpnRCdPKndxnd1Z3e
    Gd0J3Sp04nYpWROC7lKDkeNAZlZE8xakDyIBzcBG9gObgObpGpFUalYiaVpYmmRANhparTw86
    DSqoUbURwtKgJUhsQebpiVt4/N6eYq9ZQmuYj3h7TAW4tzU5zpfHvf8AMs7PODrPrV7meo59G
    J3GckMSdU6IZ3cF3cFycFzIjI3lCRFmiaLNN4y6YGV0AiemcnuRRqwXdCSVJJxkkMnQkkJnGG
    FDnQgYY3GMrEQzMQtK0sKNwCkWbQi1S4dc2W4kBSrecjxr2/xT1+eETbfP0TpsDpOHorTYHDb
    5est55bXU0eP0c9e4KUmYXmeoXmIhKYiI5SsheZ7IHelLdXO6Uui+aNmq+fNZadiuUnVM6QkkJJ
    CSQkkJnQySEzoAJWzYWlWdQqZyBTortZArFyFOu7Lkkde8Wemufn4ax6AuHUdd4h7B5XOmZJYl3
    j0Doszd4daXlHr3n/Tnm0ugobxc0x0eHp6d6bb53X5wl6J8DRTQeDndZ2sHJzd46Bee5lnqA+Y
    atz1d/NuXOi1ZjWLKki5NnFjrs3+c0ZveWYBrLGsy6Cr2LlJKkkhJISSGTxwadU3NdLwmbub/AJl
    oXPeriK9vf5nG40rQT5G+V+/idJY9hMzTz+ia4zFpJaWaOXz9Vu1UCX1abmYsap28Pc3zcaw65
    7Jc3LLr3cYMdSt58lmno1cxLlK8u/lz/NejWOvGD6FTz04w+kl6csPt+avJ0Q07Gucxhv51kW8
    izc3LORda1bVO5naoaEmO02ljS8OuogPtySSpIKmbeWVVXfHmI061cM62q0EKVgqUN89PU4f
    p104q+IdSPGxa59fVw3L1LRw47KWxDvkCFJzuXeoc/VbGaKzr8pRTUmrnRlAemguc67aih6ejrLi9
    BrDc87d0K3TjXrWoLnzk/QRzricn0uI8uH0jLa4TRxrOd9BvVtLfKxayJE2pMSRdqxi2s66AMuadLbRTyyywQTTXaD8e
    s0Fi9nWHjdrXmuCm62HpnMHSqa5RCQjmLmVwXe8Fvm5RvrJshURhFLPccF6UUMPsObzb3P72BvmkKmo5r
    m5nUtG6zeHBtkxiXNezYTRU3TVhoXpeiazR3wr0Zp9csiv0al5bK71TXGzdY1nKrqmOVHqmPPy70ZeUk6Nq
    wrGmCUR057MMtOgrz5cc1vHz6XaWdDNb9rjHa72Lh5zs7HJS3PXnxxp2UvGzR1NfC0Jp8zpJMa8/4X1vgawG3
    m1zxJ7YFELSiHQCdGEhl1MjSytZNCi3v8huZ3uy589los+0WDruWGiIrRnlZ6bPPcrqaz3VzzzVvPpIONqZ6
    ejTeayWelH5xMnoS4SaztVyEp1A8/LZqV61tE+1yhoc9wKz173R8zkru42s6509StEdjjU+gjOo6MbXO0OwF
    OW2iilHPp5db74Cjom5+zXR6nJV5fQC89lmvSbMRa48lQsVIjrSxZ1taGZfmqFW865fN9NzGsyqst5i6Pbm5
    9cybUkMiTXYq19Qlz1pkYvO9752YUZhps6WHYmOgGHel5mt6DJc+bN3GWvOHfqrGQxlgqiS7r85rTXbeRdLi
    KUbZ1WBDRlrei85DZ3IWy6cKFXUmjldS9UzuSziVjp+Ev0CnW1aU3XVRpqzbyUbc+FLZLfxevjr4rr2YlTYl
    Z5GXp5GeQLrQXkx6msc1B0tMxFqqzpDd89hZOqJOJ044kwHnHo3GJxOzSuGecUesb+Nr38zlT6WppFqc/TXv
    rXmSPT6fnt2XpqlO6le0Qy5BqhVXRzfXOHo5ClQr6x0k3JLpj0va5HbvPRlzrVzJBHz2s9GPHwy9uXCkdRSx
    HWLP2Y86xBmxmtebCTXRdLwW9J2V3hfQs9Oar9aCcfD2kdnHV+2BODXcwWcnL0EdmStJHRKms9LpUyL6puWn
    qIuNUdZuW6GlHmsk9fpyrwuy29LC7fOql/UoxLPjU03IciC51c+GxrOZQ7C+nn0veVV5avI003oHnvScO+NY
    rh34TC1ld2xy2pJsNRwbJ8gq7TpITiQyG1ZENquRRyDNCjRPYoEeg9Zi7+Ng0okQTiVQu1yEJwqBrEZGpEA8CZslARKoQJ1WYsRQxLPWGCMrC68NZ49dexzN3UbO8kdWGXOC7XsgEoUeJgsADbWZLdApZniYsEEVnp3D2Tl5/ucSFbNSqN57OB1D2cS+jE1TVtFNXCImtOmYpU1G0vQS85P6RZzrzXV7ixLn6jPNEzEgs7UhIbAExACZiBSJM8mO4FiMBEiJSAMKAYJkV3mRWeVLAFsimFsSkOg5mx6jGTBtgmFDvic5F0oHMh0sBzj6+dYrGeS2mpiSRvOs1iqXLtePPLPSxCjQp4AXQ5+3X3yge0W+VS3I6a2xylzHTrbfMX89OhkyLFmiqZ2WXgOwxZrEzsgpCJOjHkhluDZ0MkiNTSEUczleUUGzAEDiOKZTEpAHIRJnRwZ1GG4JWjtiVSnEggukZYa5JhDsMZLbDriDvNGEt9152Tc
    aXGfaZcYdh7nKm0RKz2mKxWJErzSkonKcoE5K5CKuURpJIL2MhQk6rOOB3Od65BNCSzHEY7xMTiyHcWDjAgkxKxk6MMokJSuojOxC8xJXC05Te0xVKVEMVwVpnOiJrKKrWY0iGQVFSOM6EkTSgDYSVnmYrtYZYXMR5IZYkYHDUaUiQkggykmIdEig8D3nMCMBmS2oxjJTjITtKA0qImlIjd0qcHJDjdDZkrGyBRsKQQDUbhpiSN5Ix3YFNCyTlCJK0Moo5REwCOmMEmYOWEwnFghTgihVijAnaMx0owmEpSZmEjRUUJ3BmJABPEsrOBIq8hM9eYmaSMYJhBkGVY2ZxAkSy050sCYkIyArkLoMc8y1pUwSjcUcsBK0REg15QnjMRxyBKF0lBGRO5AuIkjROsxVZAxBEjwShPHIKM4xlIiEL8BCpkf/8QAMBAAAgICAQQBAwMEAgIDAAAAAAECAwQREgUQEyEUICIxI0BBFSQwMjNCNFAGJUT/2gAIAQEAAQUC/caNfRr6NdtGjRo0aNd9
    fVo0aNGvr0aNGjXbRo1+81/i0aNGjRo19Wv8OjRo4niZKHE0P0S2yMJCrY6TxHjX/vIcBz0KTbn+G0P7iFRo0Mtnoe3/AO7bEpbjBiXEsFXsikjY5DsJyb/98jbHvvv0yyago3cn9rNQNfvdfvtGtIl77RiSaip5D1J7F6JWtPyyb8z/AH2v3qG0N9tF0uKlZsex7JbHWzjr6MnOpxp1TVlf7ZMj9zcdCXb1+x0NGjiPSJSQvY19aZKHI8KPGiVSJwghqLHVFnxd9srqdVTzciWXZ0/qKxsfFuWRT+0SHXFlceJv2JPfE1+z0aRpGlEf1rvoshOb+O2LFQseIq12s/5n/vI6Cv7T/Po0aNGvpRv97o0aEjX0fg2fcakNDX6r/wB5fjoK/syc4Q7y5av6qq5YedXk/To0aNGjRo0aNGjRo1+90aNGhI0aNGjijXbiOJL1dHblI6Ev7HR1zH8uHG67SyclFHUMn5OUt5XRIf3XE0aNGjRo0aNd7LI
    VqeSuD6mlP5iPmxF1Gg+bjkcmiQmn+30aNGjRolpK7qk+a6tcLrXqnq0520312x6nfZRGWTfIWRej5OUPWrY/
    q1x9yj66HH+w4llfOueP9s4uMZUJO6H6/R69ZGjRo0aNGu2Tl0Yyl1S208nUJHKQ3Wx+OS+FjucUqX8j1GcRZ
    DPNFko0TK4KI52wji2Ttp/Z5XUJ0343UFZP6M63jC+Or9GjDj9/6fklyZkTlBxldNuG3h5CtpnHdtUPvlE6NH
    +xeoqyyMaqoF8Cyr9WUd2dO/SksytmXk+GHzrxZ1ws6zePk+aUbN1ZU8u2X9pjTy+ruErerWSJ51kiF9kirNs
    qK7VbCuw5HI5imbOTFbojNCnsl5YlWXyPkFdnP/H/AN+/Vl+tWuMY5Fwsq4n1mVJLrtmn1Oy2zE5ZE7bLo3Rj
    mTMWE66px5Tchfh9sS2Cn/a86Yw5Kuprpa1h9Q/8KMuNtK9ZEXqFer9LlpH851n3O61NW84y/OH9s7M1UrxXX
    F84YWNGq7MtnXOEkj8G9rAyvBZyFLkuRyOQpjUoHMrltpilJFsKshON+OYc42R/xf8AbtykuodQ+7Ij+brIUk
    cqidtnS+b/AKZFEceiJ9sVzRK+ESWZUiXUKCXUIFMudPan/l1uzHXuZRnPGx8vNlbh8nuau8XHLZd5ows+XGU
    ZWs1I1dpu7wpZkiK8OO535pVVCmEmddu+7/4wv7vM18/43mHPxyWbajIthkrE3VQpab9qiCnO/Fqhi7J2ykJl
    HuzRE/mLaHWpOGQ4y2td5SUU8mCHmRJZzJZdrHZe1N27hK0dbbuxK7o5eJVi15Wf8qO6CHWWovrW4yykx2QkS
    WO2l0/VeFBysxKnhVV+Lqln/K9HOoT1a19+N6LPaxv+DPn5KIU2GTGPgup5OirjVZVW7a6uLm4KMvFPHhCSKK
    FUZFPkvOKasUUZuFlX342LfVV4bi6zNxI/1HJYs+0nk2zOTjHCsKXwl+nMjRBiw4s+Aj4BVhOMvjDx2cHE5QR
    yjNOvnHwXVycrdSvtR8vRfnKUXl/dPMtMDJutm/pR1f8A8JPvsbOZzEzFxrZLJpnjY+Qnj5eVZ5sLtOLhcnu6
    zWIfLxhZnCrHppySGNjys80MSdefKdb6g4nz3wWfFKWdHWPjeZV1wrTjEbgiUojkhuKPXdpEqK2ZuPV8VL1XBN
    0Up1OBwaNPstkZ2ojfehZl6F1CQuoViyceR46rB4yRq6J8i+BHNiRsjMfBkseiRLp+PIj06EHLEmh1TiaNdvwd
    V94HZdn+G+0fxhXQVvV512RlVQ1bW4dM7Ly8667PLbjQyE8DG5X4683gPAinGrmVVRrhKmuwUIca8eE5RqrqLL
    yWQ0SybCWTcPKyBZd+77JOyrIvqj8zIPl5B8u8+XcPKsZOmucoVQgLI4nyhXbFyZxkfcjnJCukhZTFlxFfUzVcx0isyKy
    OfdEj1ClinTaSpQrLYCyYs8qPIK08qHGqweJEnizRfFqvPX/1gxGylQkWQpUuNW4qojKA7IsU4p3ZM50cmKRjQr
    nYsaB8WJLHWvE9yqnErqbPCi2Ej7z7tYcpq917LXGB5Palvuvx9Ho9Ho9HoeuXrt7YqWz48UShUiagPtLio1V5F
    qjDqKTysqI+o1CvpsGQyboEc9ny4yPOLIYsmQsliyPdeYK0cozXU8KV2N/TLj+l3H9LvPg2nxpQXgnaeCStWNPi6bEeKZ45GTYvHyTJP7qvtuhPYp
    CZsQu2+zX3q3jkdS6zDHVfWa7JVOM1yjEnmRifOiRy4MWTWeaBzgbiej0aOJxJJpKVhHdrujZEnlKmqzrFG4dTxbDjGcXtdrY+SGBnzjGep48cq6TndWWYOHkK7pllJ/dVuqxWOtV2F8446efQh9QpQ+o0xP6jWrF1OtmP1muKXWKivrePpZuLmWcDiiTL/wDTD/OVH+4xI6JJGm58NparG/Vs9W
    +fV1E/UZHIc/vTRs5IUkzloc9Ry7YQj5PvrvryYYGRLHutvbJ2HkPKxXsWQxZTFlsWWxZjFmsWcLOIZyK8hWOCWur9SVCvundOFUpEoKJRkWY86MuvKr8bOBOrZiZcqLJ1wbvsrlZPE+xVWVLnC0ursxirqEZHXZK0s+/plv39Lyv1On50tlkvD1TAqosWVGXyNpzwv0+pKRzJFv8Aph/7Zkv1cWzcLX9m3CXuRc91z/1u/wCX8202wShlQ18qB54MWTBP5MGvPAryYRJZdZZkwlVe06bJ
    cmnp5EuUYz5KOPzJYUydEk3Bo9mzZyOZzOZzI2GJP78jK8WLkWu62qmMI3WuRKWjnIqulXPCuV0OBwJQTS8lBK2xRq6pCqnFzFYNRk16j1KmWNk8lZXW9YFM99Orlvpkpcum+WPi6TuKyMl35EJfoYz8vULcfIrl470fCMjD41YlDlXP
    C5EcZ1DVm3OQpyRJcj40ZKWLXJxwkLEQsZHgR4VrwHx0eBHhR4keNazvtg46P4jLeLS/06Mq2pU9WpZDJxLiWLVMs6dFlnTpIniTiOlo4M13iYz0+q3/AKOJWtWzc2fxjYjvsy+kfHx8CN9EYNThojKMpcUyVFbPi1yJ9Oi28TJgP5tZkZN1lfgruV9c1Gv1RB6xv/y2f8d8ptOciCbj0CpfPycvd/I/quIl8/C1DJwox8uPI4xY6Js+LkksTNHiZ2nh5+rMPOctCX+LrVbWRFMtx/jXr0qGVWqJbFKblIhfZAr6rlQK+uTIdYx5CysKw8FNhPCJYjRKhoVbILiZ75WZT4R37qjKa6pbi2YSyK4YXWOofIqz8mKo6bY+GxKKkM
    SURs2bHplqiiydVsb6vbrWpQXF8XKEuMnKrfkizp0pVyy+MclqZPp8uPwbCeJZxWLaj48+Tonrw3I3dF+e9CyslHzcs3E2j0bRvts33bOu+ra5osu8ilJONb++rEtuF0m9kukZBPpt5PDtiSqkjR7FJohl3wIdTvRHqmyObQ1K2Ej85t0uTX5xa4Y+FncIZVMZuVnJzVk/JTXLEt8grCMjIuhUreqVRH1c/q7P6vI/rEj+qKQrYWdmjN9R740lC6WdFHTLXPN5SOUjcjcj7j7jUh1sdI8ZM+JA+DUNxPtPR9p9htdvRtG0OSOuR3Q36n9tE+yyLEV500Q6rEj1Osj1HZ8iMifwZnwMK0n0cn0nIRPCvgODieyM3Fws3b64RrXJ9Vrm7qfCOUeN3FqVMuV1m8SM/XMnk+OM3PJcnE2zbNs2zbNtHlmc5DfrvjwhOzIrqguhY/ix0++zY2j0eh6PR67bZtn3H3Hs+42z39GTWrqfFyJ/7N
    7fbpiWNTK2mSlXhyJ4mGx4FJ4L4Eo5IrbayPUZxIdTZHPhM/sbDL6fVGqxRUn7ru/5LrY5GHfYhyYpQVl68pTZF11T9cjLtbJ3TlX2l/t2/JGCHZwJWSkN7NfRF8ZYWRHIrgoa4wONZxieM4oZo19CkchSRyNmzkchzOY5kpmZV5XLFtPjWHx7Cqpwe7DlM5yPJI8rPMz5EjzyHY2N9lZJFeRdBNSkQeny4LHU7bsbForpdO7ZVy10zFpWLnVxx7YM05LKhKNvbZvvXH1Kf1KmbIY8pH9Kml0uuGPj/Rs2zbNs2z33RsTNmzZyOQ32ke+2jgjiaNDiOA6h1MdLPEzgziziaNdtjN8yL4yx86SjTk1V4VVtMacbNtrx56SruijGzMZGf8XLJYzPjzPj2HgmeKZ45nx7pluK6YconM5sxMG+0hg0xPjVaox4UJIS+jRrt6+jRr6mvoaNdtGjRrto0aY0cTxjrPCmeAeOPHHSOo4HEfo/Jp68l2m5jmTk5doVR146tRqrZ46S2iuYsWJ8WsorhTO/JZNuT0aNFU5VlWbIhmEckVop7Nv6td99tmjiaPRtHo5Dm
    ORyfbRxOJxOPrRoa76HE4s4HA4+3E4nAdQ6SdLJ0uJ+DyMb320L0b7bYno5Gzl2l7OJ4zgcDxigQTRDkRbFIUxTYpnMUkzaPR6PX0ehD0z0fy5DkL7mfz29Ho9dt99C7b7eu3EktC/HsSNDgOI6x0RHjwPjxPAkeAeOzwHhPCeE8B4D448f18c8OhVnjR4oniQqmcGiJ7XbYu/s2bPZt9vZo/jj649tGt9tGvT2a+r+P8CQ1s0cTTPffRxHA134mjQ4nrtxOA1oUdnFduLNMSYuSNsTE+yXZ/g2uyNmzZs0fg5I5jaORzNnLQpHI9mjXps2b7exLv8AwjS1o4jRpGkNaOI4iifk4mkcDizia13X5ekLT7aOJ71+e3s+76V6a0eu2j122bNmx9vfb12bPfb19H8dtM16/jQkfg5dtGtP0fnts9H2i0PRvvvsj0IZo1s0129mn2/lI0NI4o0cDXbXb120fjt/Bs2b7cu+x/nsvwmjlt9lJmjTNM99lvsjfb33/jtyTF77aR7Px23s0cCSNCG0b7cdmjRxHHRxPSNG/a7JI0jiOK7bRzP4Zye29CfaLW322z2xI9D9i/El9sfQjZv3776PwJo9dto5eti2cTjs4/aon8yEzb3sT2LR+TRo/j8JSHLRs5kZG2NyGexG3v8AhaPW97E9
    DkuzNbbhs0a0JCXbZvsz0a7cj2fx2cUaNPt9sTkJo22P2fxtC2aaQzftM/C16/KkJvX5Gh7Ej+e/8I/D7e329dovib2bZx9cff4N9kfjsmcu29iaZo0JMZo/B/HJGzbN9v5NetemN+tmhLYlsjUtH5F7NGjftdl7fke/zJritjNe/wAR/wCq9mhoTG2L8zWlsTP539/4e+y9CH6cG5Pfpfl/njtEuz/G/Wzfr+d9kx+l/wBfwbF7c4Liq+Rx9//EACgRAAICAQMEAgICAwAAAAAAAAABAhESEBMhAyAxUTBBFEAiYGFxgf/aAAgBAwEBPwH95IoULNs25G1L92iHT9jxiVEtIyRuUbj+evnVj0XTbF0TaibS+bF99llllliTZXZCr5NyIpJjKJcCZRRRXwZOq0b0v50zdf0bkjJ+yYtM6liZ91litjTKZT+OyyyyzNGRkbiNwkJDHRIbOSmOLP8AZn6LkPL2bklwbsjdYuvIzyQuTFjVd6G0LkarRkn6MjNkn9mZ92SY1emVmRLq14JTs6MbfJOomRKpaKNq9UyM2hxz5jqotmLKKHyYkeCXPhmJiYj0bGxW2STRZbLJMei6rRu35FNehtDfOqo/jonQ+rl5NyP2jdh4olNPx2MvVKyVJkdGbv8AgZ4Mr+i/ZOXsyRcfRkkZR9GUfRlH0ZRLiWu1a2zIzF1C0yXZyc6+e6SF00YoxRgjbNo2jbYoigkOCGq1poyKyFD2YIwQoI8Dt6R8aWMooooorXwNlrTnSxHjVosszf2XF+TheBSvVEnwVYxUcHHs/wC97L4qtMnVFopGJzotOj0szqO5c6OI0csxkYMosXJRVCKMDAwMDDtocb1UMj8c/Gf0bM0VNGT9GViOnPGLaZfssfnStW6Fz2LxrffZZkPRSozM2bjM29Wl9EavknERLyXRaLRYo270pswZgeO+/wBFOS8HPgSE4r6M4+j+D+i4LwjqTctY9R/Zaf7tllj0vSyy/wC5f//EACYRAAIBAwQCAgIDAAAAAAAAAAABEQIQEgMTICExUTBAIkEyUmD/2gAIAQIBAT8B+82T6HXBuI3aTfp+7Jq6noWdbKaqhyzCpi0Z8m2vvVNLspqn9DhD1kmbxnWzOr5ZNxTBPKCCLQQVVqnyKqfFotry1CMavRnHkVRminu0/E1ItOlPKyUWj4XB48cWmzYXls26Dbp9FF8ZUmPKCB9CaJRK+OCCCCDExMEYmBRZCEJeDolEq2PshHXoxRgjBD0aTbj9jlGQnPN28E3RBAkQLxAjxbEiSnTFTBq1QpRS8iBdWdUcHTJnt9V3dSRkSSIQxEkk3XCCCBK7okwgxsiLw7NT0LQx/ibNX9jar9iofCngxXXCSRIhnZ2dkM7IZ2d/BBBiOggpsyfkdR2SzJmRmZmRJJIu7zJBMGRkZMk8nQ+C+gxXTviQzsjgrwQQQQ+cObYqZ4Rw1tXbRpU409Wkk6JJJ4O8kmRJPKburE3TdRnSdcNXTzalEc4+jFpGpMTExRF0MpYxcZs3BmjL7LSZCJHJi/Z+R+TKKYu6SPuwQR/uf//EAEUQAAECBAIGBwYDBAoCAwAAAAEAAgMRITEQEiAiMkFRkQQTMDNhcYEjQlJykqFAgrE0U2LBJENQYHCTotHh8BQVg6Oy/9oACAEBAAY/Av8AAin9wqYVwppX/wADKOW0qf27W2NcZnCiqf7hV7ENikgkTsmvbsuEx+HqqfirdlfsZQ/anfWSzPaAbCXBdXFbEeQaJsRtJ7v7Rt21TolNqnJ3zf3Bpid9EEUfmwGdwbOgnjq34LKITiferZSE2v4f27WlEEfNfmwL5a0OvogzrIkuHWLvYihse/UNyWqKfFc+1nEcG+aDoOt4yoss2ud8LBMruOkf5arBj/5a/rB/8ZXeS8wQqRof1KhB/GkmwRyFjBzKM3D0aqwa/MtZjAxAtcPJQ+qMp+CrFcu9fzW2/A+iCvvQ+Y4Pad4khlYJz4L/AITCAZnzT/Rc+xnGiBvhvX9D6K5w+N9AvadJhQhwY2a1+kR4n5pfoqwwfmmVIwoZA3KcMvgnwNFLrekHyUs3SPqV4/1r+t5rWHNoQ1WjybJUivHk8/zU2RS/wLQUHRGZHcPwj2ZGybvmg2IA2ezLRyZZ5wn4nhJZZ6yaHOJE96AbKq3j0RJY4+OZARO9lWiM+AQX5k3zUzZFwIPqnURlLcochWXBO80XO8V7yGQZnHcVsNVYbZ+a1oTeay5Mvqg/KTPcEW529HhcQZuKoOsjcXazkRklKmsrn0oq/claoYh1o1eYQc00UjpUWsFNrlUlTY4v8N6y3cLg0PJbKt2fpoRvJNLSc67x/Nd4VlMy7iVst5JrczhMysnveJsBIvvT2NhkyPmu6I80M+2mGUiPugdAHWD7o7e7chIm3BazyB5IZaiai+SFTY/ojJOyiduCYZSGXQYWszSG4rUZEaPJTdDfn44ZzsyXUQc8V/wj/tFPpETKPgh/7pxhNDdwThBYXuvILK9rmkbiFPArK7uzdTXjo6zSMb4e1FRZwoQq+3hcRtBZmntmzcZZuKib0AvauyeabDEUAmlkC86ym5k/VAiE1aoAV1MuAVYgotpUa4pjuIxp8JTpidBu8FPwVve4KGxoFpqJF90UKmyhldOMDJP+JNm+C2lUMsdmad6KY6R0ctp5rWiNPCSZLpENgkZgoz6VCvQiS1IzXRJTstR8L1Cz9MIBFStWcHo/H3neXBZYbZDAQ+Cc88JKJK1U6LEY50MarWik1qwWMPyrfyUooE9zt4TM5UwphSc7KOKJhnM7jPAT3YDRzQzkifqskcSPFT0JuW8qjVQBU/RVLuao7/UqxZeU1MuPJScYnoZJsdgdna4Xeg2PCaZVGsUPYH/MTQYM5b86I6m/8SvGHqFrP6R9ltdI+yqzpBPojRQNVuadSofw5k6XFVewfmXfQ+aPylO92UuHBXpJD5vBM8v5qNChQzfcLrZ3JwiwYj6+6q9FiEAUp9lI9EeYbtbJ4qf/AK+JmprTRAgyUokAOkN7pJoZ0Xfs5poS6Oc0gKLO4Axf0TYj5vDfcwq4Bbac7IJE/EEWOhTmZ94FNsOspDXCaMzms3SNFWJPzCq2EfyrcPIINMzxouqcflVqLUdk86r9obyXfDku8+y2lPMtorbPJVcfpVX/AGVHs5qTwCFqazfNTynyVWuH5VXOpZfuqQx6lGQYPRRBEdQDcJaf5h2NCzMROU1D/wDIyg5uKbFfSodLwXWfFI4lrqEMsnDN/wBkh1rYhzcCFWBEMuKY4QHZXWlJPOR8OR3uunsaYgLL1KfOHEIbTMTMfqg4QnFpU3Q3D0QPVvkbUUurdyTc7HydbVWfJ1bTvIkUQ2ZPEq+hUjRqxp9FF9mwU4YAOCZLdbCmNCqPdzW2q5T6LWhcitZrwtseoVMjvJUm3yWrFPqtZrXLXa5i1SHKrRyVYbVsyRMKk1RVadCqMviHYwpvbsjf4KEBEZQ8U2RbnTWznlkMX52RJ13FOOQ3TOsyuy2WwJ+qModAOC7v7LY+yOdpkgxswApOQbuaptnOwTJgOe2xO5XPoFSHFPov2eKv2Z/1L9mPNfs/3R6zoBc/i2yytgSHAmcl3AXchdyF3IVYH3U+ocPIruX80PZO5ru3rYfyW/RsqhVVCtUrViOWu1rlrtc37rUe0qlCr5h4rWBar41W4rVJVKoiSdP4honrHEeACo98vlUs0T6UO8Wy/wBStn7n/ZA5W8ynAmHl3jIV7n0lXZ9COV0Wg3uW0/mtt/NUc/mpDNzW8+q1iR6rbdzUw5xXvc173NAAnLvmqqnY2VlZWVlZWVlbHWwphVFxoApwmN/O6SmIUMj5lr9EcfldNe1ZEh/M1akRpwo8y8VrhUr5KgOhOk1rYScJpzYB3gyK2ofNbUPmrw+a91ZiW80C2VaITLLzumgZZy4oqXgjZOEwN+BTuy8MMo2lKIwtnxWZtlXQurq+m4tEzwWtCPoVlMNw+ZagU4rmtV3u8gpOm3zCzQnhwVcCLFZHAUu1GL0WcxuBkg0jrDwc2alHgPZ8tQpsML11SpwnxWDmFXI/7I9dDiADc0TC9m4KcV0gtp30oT6yv8KqIg37KyZI2e0sqIDIplU0UpPlustmLfLbfwU/aD8q/o7/AGnvNIkhoQvmUNck5EyonKIXNmMiPon+af56AxuqKqc7gusBmBVddFAMQ1rZq6qKBPinQXmmndXV1fTysqf1WaI6ZU93FXms0J0vDirSeLjgt2E26r+KGfVP2cuvg7O8fCVlAy5lmlMWog6DFIBWXpDMrvjb/ss7K+Is4KoUGI21QoLv3b3M/moD97Hln810WLvbOEV0XpLbubXzauthtBbEbnl5hFuUb6y8l0hjhlL25x5jf+qLjsnLF9HUcujONyMp9Kfy0CoXzqGUPROQDhKdUA0VUTjlTvIJyJ8VtK55K55L3uSs/kt/JWdyXvfSrP8ApTmhr5kcFW06qamFCj796CorK3ZhEzrZFx9F1kf0CrqjghlCug4XQxkRReweW+FwpGGLz1DL7I9bMuN2kSThLVO8VwLTWGbhfwuqDxRhu3/qukQ3Coe0rpLDuc1wUdp917XBMG9kU/cLoznX6ot/1KM91G5MoP8AFuXR3vEi3Uf90yf7p7f5qELazj9l3pI45V3h+lbZTnBxMgg5rXkTuE0uhxpiq1Gxx6Iz62q1g9UJHqjVv1IyDJW7xTOT/NxthTC2FgrBSkEBOUyuI8MC3gUJLNIOb4r2kNw8tZUiM8jRWWqcLK2mGoxYmy1F2/cOGAmmNzZQ8yBTovX7IsW3TYpaeqfUHxQcN+Dmg1F1UKy1XKYlPktSK7mt59F1UUavkvZezf8ACbFOY5sopl6qP6BRfEtXm/8AkoI8J/dM/d+6BYKGH32qoAfATzRimrGg5fFQ4A8zhVzuFitZ4HmCjkisqZrV6S0eoWr0v/8AK1emf6AqdL/+tU6W36F+0s5LvoZ/75Kj4fMK6v8AZX7EN41Cb4rW1mf8J4RCk7ZRyW3Kq1Hub5Fd5m+YTWvDafIyWux7fuu8aPOi1CD5KmFsWgJsEWYK+amjFdCLmNu7coPUtyxWm3gui5SetZELpJsJkN8OuY5lAgQ3ezhgT8TwRY6hG44EgCZvjTQqphreSyvYtzh4rLJwHgUBN1PBNOcUknER5ZryKm6ICZS4oBmV3nX7I5qvfRQsrvancqORAI9Qq5XKQYB6ozb91Pq3ei2InJWifSV3kQc1+0vH5iqdLPNd+tlWxsrKytoQHeaYwMzZbEp7qkASzKeWWGowle7zVJc1rQnT4iq2VVpHpoUiv5qpa7zC14Q9CqhwWqUye6qceJw9m3bsCojIM+rBktQTknOcJGaz5tbioYc7NmbOehrn0VB91RgWwFsNXdtWsz7rUMjwxGg1zrL2YM0MjMzzd8Sssd63rfhdVw3KwVlwxr2DHj3XJzW76lBnqfVAYCs/NdzCd+Va0Ij5XLvYrfMTVI0F/nqrW6MHeLCCvaMLPmavZxORWpF5qga7yKrCf+qrTzxmaUUp1mgXObl8DVMa1ri/dPii97mOM5SCblblFk1uXXvMLq+rM2Csl0O4iMGVwIxnvTnudKGLu4rUbTxwurq5V1dbbua2nc1XQlEiCG3jJexjCKPKUl1p2on6aVtLfhbTvi9hNwsj9RzaLM41PDQ1tp1StZrT5hVgs9KKge3yctSM4ei9n0rnNazIUT0C7qI35HlViPHzNBVTDPqQtZk+TlrMYD5ZV1kKrfArVnyT/AzUxvAKhMiMDJHcKuWTIZJoFDvkhnZmAqZrrYLjayyuaet+KdxjJNhz1BuGJ0Kql1WXLSB4IFrQ08Aqn7LaP0radyVC5WdzCseasrKy2QtkLYbhu0t63rfjmE2v4rcVbCcq43V8bq6qcaOI9UcsSjr4a1rFDVm8cRZTzHxO+SyNa0tdcn3k/qR7NszXgnvlqh0lmIzF4qSsgc106y3jEgjTmpDSow+qu2fAa36JsxEM+ACfDMCIHOrncRp30N2ju/A2VlZW7Fvxj7rMzknNaaSMwVG/fP4hdIhxnSD5EU8EIcJtfjKc95zxPiKrNazpeiBbGhteN81SLCd+YL3PqCsz6gvc5hf1fMK8PmFefqs0T7KjOZWw1bLeSBeWw2ek1YnzctWGwHcSJo5Lm54/gbq6v+Gpp1p4ohsiTwUnNP0oUrLetZ2Y8Aq4VJmt/NUYtgKbCGhbf2W2eSzzdNUmq6GqZKv4SuFgrfhLaNlZUVQtp3NVmcaaFcbdmNO/YV0d6sVfC+jTsL6FadhsjktkclYKysrK2nbGythTsrad9C+FMbaNvwN8bKq3addKyt2FFuwurhXV8L6VMPBWXh2tFXQrjfQoqKyp2dlTtd+ldbtKpxoqjsLaVcN+F9PxVl4qoxthu7a2FDoUxut6kr6d9GioFNVxvhfSp2nguKlNcVqzmq4Xw4YWrhbC6qVRUVVRX0bY0Rp2k1XC+AClpbK3YX7HaXHTsrYUx36F1eaur9nv7SuN9O+hbC2FsP8AbCyM54z/AJ4UVNK63rfjTS3DD/hWxsrYVIxtoUVMKAYUwsraAwHY3wrvRxGjLSniEUcJ3xki3C2hMaAx8tKyngUFfCeMuKK//8QAKRAAAwABAwMDBQEBAQEAAAAAAAERITFBUWFxgRCRobHB0eHwIPEwQP/aAAgBAQABPyGCRCE9J6QhCEIQhCEIQhCeokQnohCeif8AgAhPRCEIT/IMQaIQhP8ASGi360EiEJ6QhCEIQhCEIQhCEIQhBCEIQhCEJ/4AIQhCeiEIQg0NE/wEz2E16EVeR08iJBnh9GMjBrkbLVkdRISIQhCEIQhCEIQhCEIQhCEIQhCEIQhCEIQhCEIQhCEIQg0NEIQhRyuisIh08Qr9NTQIaiVKQw0Q0QhMZZfaEiCRCEIQhCEIQhCEIQhCEIQgkQhCEIQhCEIQhCEIQhCEIQaGiEGSWg9SHtSbODJYKMi8a8EdjANeENEIQhCE9IQhCEIQhBIhCEIQhCC9IQhPWEIQhCEIQhCEIQg0NEIT0aok0QtgdtfSi8hexUvImCTNpNNbWPkU7+qEQhCE/wBT0XpCEIQhPVIxWtZCEIQhCEIQhCEIQhCEINDQ0QhCCbgaK5ZM3RHjCIVzoNkYFJlGtkGVP0WeSGNGIQn/AIQhP8z/AMYQghM0QhCEIQhCEIQhCEIQg0NDQ0QhCDz0VhiwE4x7uBW0FVPArqIdG3+Eu5EvA3GoMkwIXov8QhCf7XpCEEIRBPJZENgp6IQhCEIQhCEIQhBV6Nscas7wTwmpKcMatRr1fokIzoL10Lfh00SiBs0AWYeRaiXokQ2CaPiGKLRTKq8muEQtEuBFzRbWqET/AMp/iEIISEPU3hi7yOukuIjXNCORwyEIQhCE/wBQn+IHvFxrVqPRjRCeujz6JNmCpqSLj04juKMQRCODH3PYCZuye9foJEIT/EJ6QhCEEF6hCEIQwYg3fRIhP/gY/RjIQn+Bqd36siTMahU8JkbRDrL0LL/ilc+BLkWp7lEhqrZ8iViFrNxcstM1uJiJwjB+l5Gf5EiEJ6iCKC9ewv8AKIQhP/jaGNEIT/I6nf116fQEmyIO3qYmLRNobmZrO0NCxeRzrkILQ02fq/uhh7XCwew7TVpM5E7F+DErlEzg/wCbr00UV6EIQxuqDmJt6mCM9+XO9j/tiCqK7jc+b8Ima/xmqNUngL6o6O//ACQhP9gaGkVkvY4TQW7viPpUSUp6zX3Zbsa1PKHAmrT1H0+ufQ0z0pqzdh0FXjc9SHaJO68upHBAQXpp/uQ+7utrx7ju+EikM8I0zlPhf+MPEL93VW8ej9Z5PWD+7OYPD7CxkdfySNxUSHVgE1t835MqbllH70V0YuqCUnlc5Xkj+xh3fe/YW5dPX7JlqNsAwQe8H7NFgw3/APIS9+86B7AlUt/zTpQrdCY4fqNbWtjyXARcVhjSXYJrMClGh6oeVFcqBLR3LhuFsXIWVFgTSvp3gVp7cdBjTiz3ckociy+JqzDG8LCiI8b8cDZrOSTGPXe38GWfR9Bkm52IV2J3RhLlpkxyf8D9iSjfgE9A6G6zNKtRHmkusxPU38pgS1hdS8fopMzan2RTnsPyfyagvcfcf32SRlmrlv7l4KwG0d/vcrlHkIr0LRu6MSP2HMqEqYa9maNPqmRNV7I7ci0h9GHuP4pm6J1/881lzZ/jz32CVpR7PRCSREjx3W3gjWxZUquQ2GwiYvca9IXi2hix1i/YaF7QZipnXwITpXcjiFGZIxBLBWWZhZDWYObizNTUy1YZwhgyb6/+CkdWjko+qp+5IreFnl0K99irgbobSQe3hlvGo6nUJmjRHU0pSAzvANrd3ZBM3VglfBSbOUx7YUZXqWlq9R+dkPcLvr+I657C1fL55EBsq2EO2rKCD8snEj2ilXDHULgTgVYO73lHbXyvQgjtCqqORBEK/A5DaXOglLlh4TM3XHTvrccUmn/5/Z6ymZ24akJPDT4Equ7iS1GaSKytNGAj1PK9MiL0mFHBpOAlml1Sp2ysSfSW3Cg14aXg1s3LHbXkhbn2H014jUxFIuDR5HTR00vpDSI6V4C8ezbLGELF9hzrqZrDU7ltPEpLrwRZ2AsOfIgldW8MZRK1aVawzyvq0kpoyZqyWNmR08W9Bab0rWcjVuwkUq7Qm5eehqZbp7C5tjGkneBGkYFhElttoiOjZ1I7b3LfLe/oY08Lnu/1PcXiEqp9qMiUWTY7kq8WjlWtfF+gjsMSX5NhVDsUJAj1up76Zx4a+xKZh5TOi91wxAT5yo6YmPB9BZCFXeE9F5DXojBKDjSymaTp3bJadyOmB7Gb1j/F8RGlewKanlmx5q2dhUpO7xgnNARuE+oWZN6v/oUVLTtT4EddE2e+IMXK9EhopwNI34NrA1k++C9zDVX6iN+2/Gb13jU0Gfrf3LGEbvV7l10wiC+MTeoyqYcJ3bgS1KVrgj88g0ajxtp5KI16SvqDK8I6M6Y/uDUHdGf5/Iyok5GgfYih9cvfQYrvRhNXD7IzwLJIb8n3GksdwzPcos7KTxWDY0RZy2lcZM9GZqfQdO5DhGWpNPvoOcmfQ32Tj9nXiTTuuo9NGKh0A2I3shQ6hr/txDc4gk/ca6gtUbPkbVPsH8D7AjEn7iv2HtXawfJsjI2hlm9Lu3Rl3Whp6MSzz2NfiEANyv51L8gl/wCRLp4QkmadhDT2RuCFpVd3RIyvA8POyPa11YaIyLe8I+4wLe+4odSozlEuRkXTsv6lGqrSRu6ejHCLEUXo1/61ENtZwUTwVwRVjI6jTqJ1zCKYQTsCios6sNBAjwDLODVJMTQeRlFYWOzGgjIE2lW1ngLbN4o4FZLWGS9xMgGq2NSSryVl9RqLSNC8PcVjhrF1GjOlpLPyOGpvGj8jUm/Vf9iUi08lRyW41DlOugwzsOr0DdWIeiNikbdKm+B8jYxwhpcL2Htl7HyPKLSYTxpVBlJaikDMsE51HAJxvQ9mIEmMuqvPoCaG77pM0p3QjovwDv2Vmy3iPvIR9ew+luQtIvTA/hx1VQvvbsiav7j7ADQgfwmSM24/TBo9EKkrJLqOnGq/P6Nm70fIpqM0O5G0twH4DY9D2FVe3T3GpRkY1zR+l8yaubQts0mHZp2J8Um1qfJYrNGF+QuiyiWfBPL3Cdv9xEppjdEnHxTPLaT5MuzAiScmxkX7GH8BllW+Riqdo/c2bO7SNj5v0FPvfqatOdaEc/bH1ZOkC/Sh/Kz+tn/bZ/2mJGkR9Q8Oy/70GVp3/U0JaWwSv9A7SgbFJ3R2R9L1iI616T0NDbZPPsGg5cN0wi/tGYFj7BT4G5KanUR8bszWA90JmlCTkhuJuk2d3Qe0XfJm4XoNgydQ5Iq/e9TYfobRnIbYwdN1/c3hdmEWfcRWqtdhPCrp/CEVXXnSEzEadbfsQDjwat5H0u2qMa0vMYq2CWr3YyjrZAjbj6mtNlLb2nM95Z6StUBjUWF+Btm2TJK9T6GK8JuVt3cthwz6aA10PBjhGOBOAnAdgfQ9jsexTR04Jw+w2lp8B7BrbgkKxtC9ExeGVPQI+AOc68g6GrrJiZnELIyD2wKcjCucMhzZ6oS9fxURXDXudAclDI0G5ljruVVw0QzQSQbfAIOng1fgcam+f4Ir+PwJlacLLy/wVo6T0yGlgXS17oUstFPaPsnWMWTeMMUMlXGpkt7HG+x2aBcGI01IQ7hT6al0JixgElGy1TUXNQ62FFsZqSClPZYF7Pv3ErYR4Ci2hK5GhFqhNljGwTdgnbC26LzRORPoY46PUoju+ky5hGxQjZ10MAdu2af1OH5H1X9pe6M0hpHV7lkSMoxK9xPqXPaWKNGCXUfb20F8XOJP5I0rHi/QMyYHokJTmDkmop/cJOEps+RrP2EOQ1to14IA6Su5qmTqE7QirkTc0osVc6nIZyr2o5dytCTCWu5aLnEbqi7jQ1ij6mpnkM68NdxsyIqxbvkWHBix4wTSnUbLs/oTF/2mrdzXvcRUN26kg97T6kMWdwcpbL6mOQohNZeKKLn0Z3YlIeg1oxRmnMhr6jTUOMBBpIauApaTbyOLlsq399B+R6E+g+eRz3GyZJ6iG4lv/ki5OUM59CV1XLERaUQxH3gEuX4GZ7a4XYVwpzDCZDvANnchLb/iHYadk80pat+Bbp0NPtfKJMrjP1hEVWdp/GSxjS9VG+3cVhVrybRm3zzbs0NaF2z9Q+xq1jwAjypQGKb31M7efCPD7i2fot4fcRfgIZX3NgF/Kn4JMCD6NZl70v8AHg2R6dXc2aBeOx3XyMYk+Hg/d/AreXZ36cKQ+A3Xk2nD+g8c9vuPIYKl4EuD/gq7HSryboOn9BGiy/Q0C0+4x/fE3mY6EtNBVF8wr+WbC5nWIzTOx3VL1DdRqspfIefCMN4EIDndiyMseXl9xiMDQ9AGtNRijaMasGpIcFCcTlCYT8l8jOR+oaAGUPg03tE4RoMFpl0ev6ENAk1c5Z1g3tR8ke4qv0H6DSg22Y7W0/P6A8M8bgvNfkaa2Ndq4mxPtxSP0xpkEXxOvVDXjben4PlFq9Le2xjdASPZ5TOARvLTFa6SO9TENNg7If2GnTSb6pobwkzy0LljLuHNa6Po2Lass3w4GLHoHmvqRFDREyLUeZRt+oa4ZjmOCnzMIraBRbiBYxReV4LBGrNX6LU2Wqq5p7E3HXatfA/MyqOqhZQWWCGnNfYILH0N19BdCSg3IsF9SeBcYXGhK9AnfqlCG+gty4GVJzhqd2jHuORGrGmsHwNoSpdTlPg3gt6lfIqqScr0I0JU1Bzcg0bFEZkYgMc0Hrg0TafVn4MX+SkewRO166rWhTpGrPkNChwR5S6uKaYiX0X5YQ9MM16ezGm6te5eK8lkbJ+M/qNbKe/7MjW2aeup9BXn67e09h93eNq45ZV2HpPv+jtNfVjcRdT2/Yeb9P7mKNhVMDkXfkptjuRJwXfWnvKDi7MjWrSroIUuXeMITLRv3Gx0LE3Iri0/EJc03XMvwfRw8ejfFH56fuNmjP5yXWTqN4X4/Yo17bQUi6myvsT/AMCQeFiicsSX8yem5CdR1bidJtV1CtspPE+SLGO5w3/GPqUTiJ+8LnrlkoRveGEkzbXI5vcNG4U4QEfn4fQcSGhtf1qNC92UUNqN2CVxv6BuZNiN6zqDbUd5Gt0ik15T6+4tE5BFpH5EVVKOYJ04DGeCkpk6UcQ0vb9hGuggte1yWon6UUWL/DsjBPuJchwxEn8dhSy4U59zMrFmCjL6FcwEdcFI1jBroVoV+DkxnOHn8CUU4KwnYl8DnaFU9kYfNyq6/wBBn8Q0z0+4NLxVotVCq8cr9RTQ2+4jRi6BGP3x7B7BqS/dTaf2tx1kd/zJbH7fghs92N60r3L1C4CdgmUfYL0ReiOgNSiSSDiRMzbMS5bQiTVWb1fC8EnR20nNHNyXcKqo5NSjuohofsM1ocGGMct9PqfJkKMORhU4+hpk9xomCrUCQ6vai/GxJOaL9g7kV/ZCVEIjhlq0tkn5LlxCu1rX5FZ5CwfekFw+BREaXhtV1Hv4+vRdforZXRb0TVjRqj6/gL/AY9v2f2f8z9nP8g8ePY5dvKE7lssJgc/40bbyZ9VdHB7uSbcw7tLnai2J7GH8DN1Aw7mN24Y3FnlmsUN+pvhDjxhxadxkLgE+A9iiaLwOmOePQb2Pr/8ABSdzUc9DqSJXX9EjBKxv7ljwSDmtEtNvi1kfQR1Ptj+nY6knirYSNQfwVGNgc9RfVG10+6cP4Gm12D6Vl9g6ituiCWy+D88KitgdYy5uMiLHR5S6QqektKYPI1GLyF13EdMerK5NePcGuph7HE+rXDYm6lgOxejEp10DxGugu4rqyZ/EGh6jrj/qD5AnMNfRDbqBjam/8IEKts/oUDBrm/uLCdxdNog8/J5GGnolfYfqF9BcQjJ0IqS+h7jIzpRvqcZSfD2ZFNoylnRiqq880JFB+uWl7bwj2N6zS11T7Cj/AAHJrO9oyLUXDJ+TVdUyfEPs5H3GU6F9MjP5Se6E0anSHwx1jtzQyL39j6lmzcpwLDwKTCsKEuxlXu32hJajlRCYy9BVIPQbf4+4utwjV9/sVYDVGb1J01dyTsGgHKGsPUahNlE9Jg+YIZlohbkzTKn2YRrzwVDNXohCD0KTbWPQl49pjwQNf+8l3/b5Gr+/1OW+y+5qAan9uIrhvcf8v0HP3Mv9sq9IWHoEGZjoPm2x6QpLD9g8dRXk6zE4EbcXuUZp3Gn9zpL3FHMulHyGDUju9h8wad2PnH6Ba8PuU49NLroFjJERrDGliedmI11Jmpyi1PAnYtfCt4NwOyGTYupsVcrSoid6lfDYv5R6rsiaxib4R9wacmOZKJFL0Ow1aIr2RG+SWDJ95f8AjHIo9KxXY+cENIu+W+oTRNXEnesb9qG+fGRCY3kd6C6B8nyNK/I6nz6D6jPIa6oZ9Cuhk2KX6F3YeWWQNtIP0G2VC8kNcsl7pHaHI89B9JfYTsvWZzA0h8Q+Ior0aC
    62Pm86jdUSUYnxGqxNahxhPqCLlCIrS+hNEl4ELd6jf/Rgqm+BIWkR1s34Q/8AtD9Xbq5MvCLB4FX7GXd/xyfwH3Oj/LqJP8/qdGNISU6BNzJ7OiOj5CNvZf5NhezG/YdTwQsrluSD47gYIUmW2X5Z1PRiEhL0SNJcjfJlGiUacemovUrgV5GaMWpFqNoSTyoIuiSMkNIz2JI60jkY+HocNx63H5DwEvVMfKo1bFCWBqGLYbIb7iN+gmmTbsCjceviNmOdv4KonBhMXA1L+g5GmjGiWiEm9E2NK+cSElW0z6iOqN92KuW4GiWSklvUoziOt+ArpqksKG6x3Ltr6iLbIJksxzS3HPb5FuY+ToPcTOBMt59LFk339hhdEV5wxPpC1yfPoneDSYYm6NFTQK2iG9gNFn6BGsyMc1KYyOj6RN2H1HfkvCiDQQnhEhtopyZ1X2G5iZjrOweWw3W4heG9CeMEvEK7IuNziZJGVtue3ojdO4y/yFYvSKiST6mq0YmdkObVOx0Ibp6L2MFpY3RIwXRNgvdCKbgbTDI0rTbB+45LDdGuaOego1TTNUbNDJeC8xsNvyYzqPpoWdfInUrIDZEKP2PdCO3sNezTMQ7Sprlo0uHYvJrwTW7hRnuRUeV7sb7RxMdhjfI10NVEaKVx5Few0amE8Dtt4KXTZ6dTU0G/4hmrFf5KksQS7heR6AQEj8bE6Z+TYai1qL0ZeE9OqE7dVpe4oRlNRGoThr6igaWPuJ+w7AmLI2F9hoZyVsmMLysiZ9UVFgctmnUaa49zLo5E0yi9k13L0ipH7meTy9iuTXEFnqFH4GvDz3Gknovc7qzTkkSxk56+S9SXsaURWMRM01+TfXI/JkquRtRYwK6BNvYt0TXkSxleWLGqR2cI99xrOKi5HROdxtXK6lJZjKeVGS4+pL2LoS8+SqlYlDfMYNoYvR9xa8dSaY8je2FXTQWWRHAiYTXsROKkY4Gua5NhLLc0S1GBKCdF4MSwNCU1N0ZFqJa6DL+i2EXknJQn9B4eE9hpk67IT1fsEzgJpuMwWfA0atLojJuNibTJe7FlJozCLcZc5IkmWyE3iik7J1ClpJszuyu5OGoh6CRprV9EOsZN2rfc6axsIWkRHAu4q8jSaHGYMuw8dR8ZHYiYr7CDNZLe0E7e4hhj1MmXl9zXZQVLR9TLwILAbjhjrHBbTfkSPU4khsmsCZnjAll3HgifGRFWBc1jwf0EmciV7LyRmJdi7GphJGieENpvfBgtcDbmvyPSsU2FNmTRBqkcHq0pM3YcLX4HEbhUMXl5GnUfX8DaqNDVK0nZjvZ9hJLVtoVPGVuLCfxG1r4B9Sa6Cm2GYNPF3Y5okyrC0ZqnuPCRDfu6kw77mTuWsmTQ3RZXcZdU7mG3aFT09gk+RvwSE+khptXjoJJuoupEz9CxVWYptIOywG1pJdBGVlEm9Pkr8dx1W28DlcXuUta6UrrK8DKYRk8qjh6exMLKOahXfI+Kvgulz2FUxLVVXrTYpi85poBd2Mm7hWmM7jlavgkl36FrOR3poT37G1+BnlDOqaa5LgkpJmn7GnF7ELIsBNxClYjwV9ytYa9x3pF3Q0/AbWNn1FrciJDIa+UJMGR2YUNM4PXJA619xPMYMlkwVLPsXNOJdsmVsNGhW8NehTejnJS3fsZT6bQeWeCvGtY+rXsNxWtOw7MCkvHwJCSIxNREzuh2PAfAjE1k7sG8NtkFNpM8clp6QXc7D81Ni5aNrqf3YQyvcKzKVu/cYNGkjikZOdAp7n2YxtXsPrdSIyQooaQnnwNJE4YIuTkQS3CiFHyVXUx5CHCe4nWek4GadZBENTQjhFzLRjTnYZXDL2I7qCWkb8j23Chgq38kwvgImkqNaPQwwn5yXd2hZyC/QhOMaCbelfYSbeW8sTdiGkleV0GN4+r4ElkTMq48DfCY+o2iWOw7WKFCasqdDHJkZaglyRgm5nUxNoXaDearxsImvGoiOZPqRJ9g+eg8XgV1XnhlbJgp1c0pWV7iTDnsPB2+xTSPBlegKvEdkI/fkiPWPilJrLKPTtlJaF5GTgp2KI2ociIqTqvgbo3cS7BtJgVKbDdtneDBljrxgy3lOGGN+plh6iS0OpDTfsJJsN5X4O7OxdrV6mcsDw9xJJ15OZsRMDlq8CS3iFW2iXdYEHn9xqaew0YeclfLoLUoRm2ovA8BE+AlzKxtq8MrAG037k0fqLyNhNBPBhhH3KmC7jyy89DbTd1E4afJm/sklaPgSU0MzphBzinyNaGsiZzJ1G1qWuBTSLL0eGNuxaj7SXBplv4L0X2FXwb7lGG2+p01AqRUj5Btw8ItYa75N06BZ1Spu0mxXq16Iv8AM6LAqWHgc0GjZ00G2bcw4iatha2VHHe4ojUTS9x9PwKrm0dy0diEyY8829Di+S+c8mXk6PB26jWrEip1mXKbWzI6BtXWPKUqdeglI+xuK3Ub4ijmg8E6GTYlwS0tc8s3lz5Rm0Nys7Zmciwat4Qmmo0ypoJOrYkbIbk1vgrdHuLgYrkW8vYQ1hjoJVXpoZtyZBuNSXQbIS04t3FmM51HgWWJMJ0tslml4ErmjPNHUCUacyCtmbi4OAhIltuiraV3MLchK5dyhHbTiTkFkc0MG1KuooqLImnMdxSG6ruOdYETS1Y03TbUmjVMVrDoPhijFAplWqGgujh//9oADAMBAAIAAwAAABB+bJbuH1Xwi1LAY0H5a3pfNsLCwl/ZK7rh0oHyTU0DEEhoSCsGc4mJnxb5Lo7a4hN2bINlTPDRjVMq9GQNCWcaLPEIK54Y6ZcEX0vS3SQhlkyahkbVwscYEpEqQHjLJnTvyTzzCPcuqQK5NfBn6W7eBiG2UG75h9JIde8xizxwd2KFHpvFgcxSMW/+isFtaLiBTg39CAAAABDzxsvv7eyS2Y/CeudTqLTcbgQk8SPoYQQkAAADaA9NC03Ck8LifLtVMDI4YT5ZfNqeAoSIoAEA84ff2IkHd47YG9Jq7hwxR59jpKt3sB010CaS875ecw/0bAI/dy3TKhf84VG2dzuNeYrfQwgw+gtBZy5laA/Oq+svD4MZiPG6D4cpR3I9wNdncwLAIKvfRMzJ7/I4pGs684SAFnkCMhSsomWoq4B8FJ/CJb2L6LZJ+IRqsQQCX/kzO64bner2bdw/EOU/NU7aYrfjNBhaHLb5u/5WUI5m4tOxz3E4N9/dnbBfeOGALCLzf1MJloMHzja0e/ljFEF5JuRGFL0u6gm2GGiwRbwUWttc0MkeTpBQbN/2VKQSevNqIiTA32VTjrFhDwjymnBUm6riJWMDOvC//PA/cjqxYckxdfqZvPNVSgR15oTAOVjDuO3NbYIctgxUklligOYIJ74vupMMNt/e1PJOxBWXZbH4vISn8DnhjQ8eZN64J4YoLaPMnFSTwD5LCzH/xAAjEQADAAICAwACAwEAAAAAAAAAAREhMRBBIFFhMHFAgbHh/9oACAEDAQE/EPBeMEvOEIQhCcTicQZ0Nrk3kNkUcS8aeE8EuYTifhhBM9FiiMDcqxKRcDTQ+pPCEJxCEIQhRPypwphMWdirwLaIkY1ccIQhCE4hOIJEFR+74UvgEIINIhw4yFNk6EtCHBHXBugw6+AhCEJwnBso8EGMoxS+F4Qr7FnfihCUog+1ziJrhML+htUiE8om/Cj4eghMv0NO0Nv8SEeHYSOVSnFEUHScLZGSSvtf6Jdhhs+yEcjxW0Gulv7K9z9cFZBiR2JJFGydCFXYanBjR+cd8J1ihuQ3XKYrZDDUSJScWFBYaQ8I2hbeEQxiX0b4MaLoUk2GNeyB7DUyNdwgq2NXI9yCFwb3KEd/53/0nGQSJbP2Er7GeA07Yi2YgH9jT2QnBM4IyiSIYZSX+i21P9DdYaIYgmW0N6PplRoUNmqDbSCxakJino9qEwp0MarY6GqbQuhEhRP9iaIUT4tM2LwhoxIjR8M06x10KbrE21Kzgzyg3YTdoQFpIbN8kvkfMfSi+hMQhn0yvtDY1F8UvYiIlIR0oq1RKhrsyNbINicZ4WVBD2qVVaIjaWJ4Nho6GvBsBjQxozDUZopzg9TBUJnDxkFJFQ240MLkYW58PQpNqTN4TyPge4UemRCtF9j1wcCVyyMuh5ZLQnLCnWC3MK24hSYhBQoymhkUbP3NBgVLsjIQhDBUarsexqpsgjCdsuKNMiH7QyQsjHbTk/0e57fB5MxES1I+R8RTllLRaVs/YSNXke5GrIGJJJITiEEEE/fQlFkW8Gr0NIYnsInsJMGhkYYH+tjZjoMHkXJa5HeUginYy0KVEPReP64peWxm3RJ9kkRXsZfcewyiSexJBsGhVxOoXCU6Eehkyua+RtCvC0Ee4XuxKIY8sil8KXxiIiGRiWMNuqeBGhZoL1Bt1FNyDyN44rTqNAIjhB+WOKXiE87zCcJi45IYhiiC4qXzgl+e/jTKXyT4oxfwF458qUvM8F5L+R//xAAlEQADAAICAgICAgMAAAAAAAAAAREQITFBIFEwYUBxgaGx4fD/2gAIAQIBAT8Q+KjeL4UpSlKUpS+CFyJGqKoxM5NdvwtLm5pSl+NxyMSjjbIrUI6nc4LKF6SlKUpc0uaNiafxUpSjj5EdI5ihDIrIRbG10exipSlKUpcUpRxyX27FGkvCE8BMKOWCloo0fJwadolLQTPE2adn3iBpM5QpSlKXw7Akot4UnsghCeEw4I3KItEi8VETg1MC5lXh9sXb/bFomXKmN6uLlYI5DR9ovYKfDBh+DpyinKFJIz3RsVv+/wDIrRQ1JGUQE7Qt6Son7QSeqKRfcG3lDb0MOwVamH6CJRCVeLcySY/YVCQhLysuxo58iWH2JEkxPkNwjnBR1ikgx/QORawpvrCGmGMXw0xNpRe+v9CafGG0b2JHwOhuiFsZvgRvg15R+mCtC4KJtsSIktCV6IJ9k+xYiMRyEiaGyVokJreDQ0xhH2JSuBdJmk+hpdTf9/IkOu/4FHWyDWNliYacDNoePoQotkLTIZ6Bo7P3I3LIvZ9pPc+4nuJe5GTFNGusQSOxnQ3QzmyobWsG0yrK0/HuoVXYzhlYhgvCBKxqtjZidDCFEnDD2FdFYG+CSGyHyQg4mW55PoWGqJXsjL7RUREENsUg6UcZHTIcM25Q4y0uRKywlKKKK8xclKuvWEh17xco0OnAtWrRaUznO+dkEVRoQQPphwpT0hqaLgjRZZSlKNih5kuKfyJ/Ym/DJ9jTQxaFFvuQXoQSiEswTPgaSxMPkhGTE8pTcWlMKKyBLiSrjDbGfYrmuRiW+RjhsSZCMg1WrhHLA/UtdwvGYfxUpcJnKISHRwI3Y/YFClGkRsQuijjE9FoVF4zwhPlpRk8AtEEjeITCWb435Z8r/Av4V85+ffL/xAApEAEAAgIBAwMEAwEBAQAAAAABABEhMUFRYXGBkaEQscHRIOHw8TBA/9oACAEBAAE/ED6AgggIQEIIIIPqD6Bb6D6gjT6D6Ekkgk7YT4Tx+ggg+gfwN+iyyyy9kYYfoH6V+myy4TCNOJZjTcAih6RqajT6wgggIQQQQQQfQIIPoFYQQfTJJ3hn9Akkkk+mfTO2EEEC/iL9Nllhll+m/WL/AAmkpe0KDU6sG5tdAGJnhEL0Ihqhq4CMvVYsAteTiPpfwlRVfaYQG/P1Aggggg+iQQQQQQSfTPpH0SSSCT6BJJJJJJJJJB/A36h+gyyyy/w1coy/QVkmuYUUB0lg3bFS0UA4ltRQ4mMC3MBB4lsFOhCgADoQrGiNmkbFhfAymH0BBBhCCCCCCD6BBBAH65B9cQQfQEkEkEH1BBB/EHhH65l+gyw/UDDAri2I1K6iMMrCjNh5RFXFbMxNIAsNyxhJOjEItydI+behL95jnqEEEEEEBCCCD6BBBBBABgAhBB9Qdn1CkECH0CCAgQ+gQQfzXsssssP1Awx4QAyBAWQTxBYh7RRR9iKU3HWHcuKuzEwQytxooYrwRwiuhMrJaqplxFzZj0iaUMPEFVS9NIECCCEEEGUICBAgQIRUECEH8QEVAljUaqHoBLmxhBBBBBBBBBB/H7LL2xll/hAYfqFFirrUwgO5eIPi6A5YQUB1eWL4hcHj3jbQGDm4lJeumImVFanXCtRmul6MsXQCMCtRUIICBAgQMQIEPqAgQIEICBCBAlSoH0H0bhRqXCrg+n0kEn0D6BBB/D/GMsssv8aKyyztmXvxL1tWcVFXa8SzuX6I3mYEWiiWcPGJoTUMlI9pRZCM5+0w9xscwItTPN0RyS2u5HmIJYosadRFfQFkFQIED6CCCAgSoECBBA+gjS40qA7yzbR1ReE7wFrxKcO43OVlLwVCD6Z2wkkk/jhhllVKNQ6SBoRZUeg6wH3JKba6NzSqlESZJZiRrHHrCFqXHlAdCDbCImUES8UAi0RrpNVzAdDyCONHxESG6VpY6EVrpuKasXgSFqLW0WuMVLqIWhogZuAr5l4EZLypT7QQgMwIECECBAgQgJUCEEED6GAdELd3iEUKcQNUA5LXSJKA6esOomJ3CSSSSSSKSj+FfUMfSukLFS4xsGIlpEvU5RnbB9BhhI3AiLdt+Y31mWzUtQFeBlsauhqNQxTdpYLauDAjmeYFhMFuKcvt+Isahpi+2tf65cgUeBd5+b/MYVrOY5wmKEEEBKgQggIfQIJJT6JPjEgqgoKFIKGricxqRL+gQRX8KlSpUr+TqJ+lUl3cEYZZYYYRMP8ApN4KAVPJndRo0IepfMU5RDkJ6VKRahCIgtYxliAAaHOcY3/ukJRcYrWMmc/7Eqx5fsH0qzE0+yL2wLim/EpsMLrtDKqXg46vh7zB38BahAQbu+1RulyGzHTR+iSSOEHZ/FEOz6KCXn0DhB9E+uCvpX/lX8U+gfoPZPGeM8J4R7Y9kfjzlukFOrC0NyXzDYA8QqahIsMNqhz6Q7oNXVd51Dp2ULN4/wCQtyyhSMtmMkbPC1vof99fpmytKsqoPtTAqhBVOeBv0mtXOFTdKzD6hk0jdIGaICLA03iis95U1cflDsh2Qg7Z2IR2PoU8QggEag5dnAYlEAI5RxfpK0C5HnNCrHOcTDeH/HMVA7KuP2iEC7qtHPH/AAUT2+aH5Z3UwX2f/BX8GGWdoT4/SjpPCXZEGeALYYD7WQdXp4qDslULivWMqlqUlD1xDpqpavpSAZ7SoTSlu6JcTBvkPAJV65hTh9K/2SvLvdP3gRQ3t+o5mcsdcRCKDt4aXWqqZnndcvAlPSAkFkWxRTJiajsmM3r/AJ6TsQahd30Q/MNQusGgC7vyzGECIwnK5wMQdRZZVnQuuYLU1qSu2tH5zGBlYdkJDCARFQ1nsAZg7n9D+uWl+8avjOIewfLCt65r4yfeaRalaTupiIUUB0dAEqUjL9i6gr0do+qWQAOorCAiAVgY9CMq4ZLcpVZ/gzCIdTVX4QuLMsr3OO3xVap6BJRENnYkMCyACxEB2jr6Xmv/AFr+FHSVAgpQpRtjxbQxbd3217/xzaqdQ0M+8AgPD5fzK9IriZIhWaBsNHVqcxdAW43SVB7n1ezauXMyNi4TWe8etC1V9spLiVAJYS4YyMyJEg4PIVxAeAMaK43q8ygNgdN+i9sA7KukXw4lM0v3dZjPR7TQSpTaHJ346x7FFWssd3GGcBOqPcf9iZAglJV9+A+O8R0MvZnQ6+IkEBRi3L1a1HtObBsx2YKQsWVQ5Y68Ta4zjL5i+b6cB1KzcOiTsYfmFYRIgNblCwwOTpmj1ZUKgSG5Cse73lXXKzL6hGvQeYfF5OezYMuObSnEYpz/AB1Avf8AmO/wilBOvyLGK34KWD4t8iPDqAAKUhR4FN3xyyNJKhmGldf0ytDhNjA6xzmJ1godzoxLc9FQ0odRl4U4bD8SkJOxSYPnWILrbC7WRIHGK+QAn2hcz7P6y4b1Dyv/AMzsq7btz9WZGqofjG8IzQUYpM3+IKFAct+8y2Puj+Iic4ROilFmRjTsQssL5Mkq+sUlkA3Z8y6uI4A2BqpbRQ4leSjFcR1/YkMWhIbDxXoECIPIom+zDTQDTnhJSvygwKZgS6smbdk8OelPB1jbNB2s2myVmqqsXuOIOpUbNZvr7TbAIW3ajD1+6MI5HVF4UjF4eVPREQY4w4Exe2OLnUahYKaANnzERVolOHLSfd8Qm6VYVQAazAmqaz1m8b0uCvsWb3DpDaNcrqur0mEXRQMdXLz7x7N2zBba2w6gFbUGvffMUm2R09B1hrLocMXljJ5feX7j5tnpufFDvGqc0Sps3QHJ4j0d1SiheU5TysdyVJJdyMC1y0q5aS3Qu2o6KQpLvmDrZyN3k6Zr1p4jgG6KDDafXnvc1LY+v7D7RfWP1jHMtpAujNQcgaVUzNvEuMVMMOVl5IyZOrKXPebj1HJ412ibW+ILtYPczMN/gHNdzjx/5mz2/d+rRjVEoWq86iSL0QZKpjEG0XsJeDbFdxRCgNWFQhpikFGSwHfuRABMXbl47RMKjk1XiGBViqVpF5l6SEEFfHMaQkaPaIIzCwINY2xwzKlutAVY4kMFYZdYwqN22WGJ3JT1RALKu7Mqu8+8uCzNwHe35mOCiDyOh/synuihFzfkZPWZgTdTazr0JvlJRWG7U7IuZigFGCDYyKaHvEuDYQtGCvEbEgJ0eQW6vrLswwqZbAUKzBSAdgosFZzb4qKlGjBkcHPSLlFT3PmWaM35IzvAFXM01d9JVtckDxgy4e7CeBQsVeF6vFwcKhIFou+3aO0BxeQHui+gblyfbpnlIyu6s
    QKiu7U+o+w9yWhAFKN1+Ii7XYVnfEa9QDGUwzRVjLyI/OGfILr7wynsVD7SoyMAUeeTqMrfgW4O1L6ALdIusynYhKULdoPa8dI5rbdT0JiSK2xzhivnUch2IAC9OftG6xk8iLXoytWoqqF95hggEQiC5TMpRk6OYxvGU6b/ABk+YY6HMn1GJAhdUju3+FBN9XXMvLeCn3hmR6EJZ5C2DuFO7s8TV5MXCId4aKj1aYMGyK6HHARChOpfeMvgLrirUOI5NcNrTSpRKPPMZ21DiZpzh6dptBrSG0Zm3xIFtZVrnEUw6NSxLL75uhomr4xliqC1MV8dIKTgq9zrgQBWDTTw3jSOAI2XxZcarWC8lbzoiokADEychhADgKBXrM/DdH+YhQn1/iY0wZUph0+vEo1P1AtkvSLM2PIOCL8QvUa9NwguNSnBh0e/+yILkBgQV0FLJh/WvRjFWX2t8RIPItOSjKlZ6doDl8jAbo8TPIxfcgxI3LkwGIUIU1avQcYKL7SwHeChUmzgzfmHESnMC6Vz+ZpiowVsdr33lRiEAbD2rC+GD0SpGbVg4Ub+zrKi3iOLeC0jo7+9kpk6lSwFeRaQNp9oCr6u5YEGOMVr2BDFK2KKqt9kWAyC8XhagitpSWc22pVvO7jeKSaP+SZRHUS/CU2EtrlPd7xPgmQlmWitZlxa5Vd7abOnbvGoTHBHRgFGwGgTGEdesrDa935SZ88EMGSegf3Bav6P3CTgEEVz5aiMD3E/MVu52T8y5YXl+GKF6f6KgIeNNF8sR2LN2o9R4e8rgJoLsv7N9Jx9JkR6ibJY0vD+iUoJ6GH0hVtsIFF+JhJtvIeyRCC3awivKCSIABw4EV4VfKsoOA9Jk1C0UWYL7UVIA4ZKGYRbgXmGy/uREVQW5Jfo9sC/pHJsWXXaGUjqtl6dfE2Z6vuxnzCFIhVUFOisFc31xovTMr29o35hCQqt2voVi+sDx2fTdFaM+0Bu1wKgt+PdlcAjnkXqM7gh5aIC5F48SrDoKWLaNAjtqBe31mvRHyg7YOKOFvNcQTEWZp/YiJoCjN56RcajApL/AAuPahBnby7h5stXacZ7kEWV2RtZt71KWItSXwLo7EDpFd2AJY+Z+kyajFooInZOZBfi+Ih0ddRW/gIn9aGo1vZLrLbt38RmZJoXFNYzAAK8EygDRZMpuYvQiV6bhK8IuIpa3PUYSrE9bnUMYLLsyKY/hz/MUdpW03h+zEfMKfcM3P8AUB+8Lpe8N95UR3WeXPxGLtdUPtDbYa/buaLHNn8Y+I91EfkjPxK+Dm4vbcxngCWbbdoRl9tcCh8Mr2JjkuzfiWSBmogchcXYrJBdIVjT9tWqh3NoeYvH+6TJHiBxC9NnKXEBjLKlZz+0eAxKJTYqPwT1UwMl+Y/ohk3koNbBqIirhpAuryy/JG71KSUCJBLZ49BeIM5oguAmPurrESpdqFCzA6G4QKnZeV8IsJDlFAOfEBKr/wBdIoXTAykZUWWPxE/pRWac8neGJiIoG6Xp3YsjwxrzyZ3xLqJbVg9tRSFGoR0WjQ6zvxGA3/NAG3B/rleMaqD5Eav+1uWD2vB+I0hHdftDFYFClCmjRr+4mKMLX4dk9SYKZtjuAgC+mY3fm/eHN737x55K7mrtN84KTZ8R2tWlJ7QdCjoMmgFIAY1nUqcfuivuQ/cIX6JxM374t3yg7RFsEZKvIisCzH2/ErPtWGrA8KqYspqi9m5SC21XvGPiV69yFHtn4mYX0A9jmGvg0lMwSR4be+5iP8MzuFWI6j9ETqnRmLAOtWQNDqjyS+XeAEYV7xT7M1KvoiZmKwTJxLiorZRBW5QwxDAFtswV39Jh1KpflW0cwqqwkWpszOVnY4Nj6Mp0hhTlDVjiRGsydHEiRVWgtEaDfGIWwEDnFd89YYHU2rM6ZfMvy4xX7iVcEuKyifFHEOtcFboysCOEgopalXUOjM5VEJMmwF1TNW+Lw0CtjR4jViTVo15gmA+BxLEyhZh223g3QD1gNCMgKJe5Wkrxal94YhamauC+sbC3zClxlL11zLMI9o10e0r+lE5+xH+gj/SRP68E5nAmUHw5T9R4/TjECReo0+Jm2EtofLLAL5nUDxCNdUMYX4iYQWpn26sEMKDKV2B+8FgGg74tY9Y28oWXthhPOtD3ILbT0R9nMNIGnYjKkK56/OYMDPq2e24coHlB76lOR+UPzA6Dz/WEq33P04ctEsBkl4NHifeVgsZEbGXwDrxHPKFbCtpN+I+lZeTuhqDdoLFc7oawGlBQxBApJykth0JKFozS2c4xMkOi4q4L29oRXOku8NhqohQFedCHaJbElGmbhknWs6VXtcVqKj2ZXlrLRFyZBw9X+oAVzbTKTidDFZbmAvJsiCrjABshQ6VjKL9Flh1BFC04vc0mp5hAAB0CMHLIt9Ok5gVe7/2CaMa5X0D7r4j1haQfU/OIDFvRHo95YQKjSUagNAyJBlB9BNf700PuTie9BNSu0IppIityxxKCw1QwUb45gjS4UDVdU514lGJkrt6rCy30uMKqYRBTXB6HV8Q6PBj0WIdSuX9wYh5xUU8CNLh2MtMpcHaA2X2hgy62jnJu+FEYdu+auuFp7VA9yWTeqYfiUtlDfG/aIDXpMXphp8xdoFd04byV6w0V6i7b1MRHohrvI5jnFacwIDVVsnkCe0MozZZV0Ayw8sgsShO1ygAsVlLqy3JZuNFo9kNC8h6xAdkhgaqjZbZ7yzm0FuE4HPSWpjBAWqL0xbbDCp2uxqKKXBr/AKHPSX+WF+WFQZ2XXUZmAtMgVXmCCGmF6wAYmDXJcAfZZ8okrd1qossO8vJAF6unpllmJz9iXnVWOBdeYqsIxySrlw1hAS93mMwoyukAqqGQVIqNcFOWYxdebyzvZ6wpMETCi1qzzDRNzETlJRZj5thCCjkZmgLaLmJbuVTNBCLQpM5OPNw09qDZ5bVGQ3WcXcRhttEUxRkPFnWrgIhlO+Ht9ntBA+cebT6y224esFssd5y09ZzX3hOXvDBl7wXP3g9wavzlzIgO25gHZMvdgtw6GG0lfeNcWJ2q932fMXH9HA9BoJbju0ldpYgDeaIWy7usunJ949QACl91u31jlep/BUufCVHyaflTofB7QuPO2UOh+DkmCLhQ8LjjbpO9GxNbKN1RpStQ9pVUUOHHO4B8Mq8zeQX6ZuNcOMMvro3yUw67m7ewjomwcmYQuZvpLgaEC6dD3D4hFCwtXRhe8CtVU1eoPR+UFPYvDz+jDYq1jvD7EnWxpze7tYRU1KElgODY30jj2BQ2zaTZmcK62jiJCYvQfpKIAg7iH7qj6wRxtmorVZekBDo/KKwQ39/H1AGmdoC8J2jRmtdN85mWG1RTGAkbClqSlaq40GMrXtCHcWHPUsVGUGz/AI5hlZjOXitrV3hMlHRGWQC8LCmhQ9P0y7iysmjvMnAyowISo0gkvBShVJ+ItFHShcJWhtlUHkY7UutreJl20FdXlHrVesvGVR4LZr49DtH6R2JLXbALlTD+YDG1BvrAiFuGFRH247R7IekCZlPM6qA5hRudVOBBMUwtv3lkvvrK6F8Ooy+hcaJs2OHR+fLDyUwplvCWcvb3ikTgy17uvCNhTDhPIr3Hidi8NTkrGww5F6MD1lq7Byu5DeJUdTeiQLH0js9hyZ0tkPDL5TrsKuja7odMR/OC27BW2B3fEz7VEo5asMhpO9mIGPHvbHKcIGlcNwkwRo1fXa7h0FswwCQAcQvgvD2WO8M/sFaEau5rw/Ykipno+fbEc4Q+z7kUuaqoXyjwMOJNR2eFyNLWgtgxaKndQ83Y6XUEZThOr7TUEhk3Il95rzL/AD1sj9HtKp2rf2CIKQ3xHMxXkChlvtLUqqFbzQ5sl0dtmA1eMk5E5LZUr7HUCHCougrWB1xK4qEBWxn7IpZRRaTyv1XKJRfQrPGu/eXQ67cAtB6fmPYltafCsQAYAcGHbV+YFAfapoFeGFVTsu7dWFei+IAz7MJhb3hRk8lyrBT4i9rE11PExbG1gbx6EXVw9Yfyes2hZyPiMXike5mXvklSOvMHkjCh1ocl1s9yI3ef3F8S2G/qJozMYcokuUM8MuUx2zEH4MayExdolsZRbTBEQvyx7TU0THz38HzN0lsaafUMY6oSzpUva9U6rn/lKVXLLASjhekYCx3RClFdQ3zDkJaFkAEcKoZghVygBSqZoOd46zSnh27SkGA+inD55glAdyWrY6oRGMKN0b6RB3C/cI5njSJ+6D9yWl/46Rq3ipC5TVNWc7gZNGwju58HHeJnBKkbNK1Q13ArO9korYN3c8xkS4n0YJfpeDwEOA6t5R9iOpuhFHS7+WXDqoiwXJtbOL9c7qo2M4HFll4wjbNFywFAieDgetc6EBSLbG9HysUKfin5lyAVWuTPDM/GmsrmxV+8KUpXSIKBSjtA9rvH3QgrQXVPzTbHh+wikWdFD7KYQg3Sn4Zjsotqw4kIqatYrruMfRHIeJwCXfKAN/d+4OQPFJ+ZR2X5ncfKC6NeYGcfeHYVKY3HuEuX7rmDWH4LfxSQBMYNm1OfWcUCm4EKNPHI6HiZtwurgzUvLq6QhxUBLOeOmUey8hMyzuikHh7mmaWEGfpmGlBz9hZVCB/YKH5iQHcqHs2Q8GHeI9m/iUt54CvhKwd0j9jMhXpLimkvIMZMIjAsSWfKoO+AgwlQ73aH1t8V0ieY3lm+sJgJwFMW0TfDXKUrE4tVYvOB1cKypvxLAld1WaIdaxoOPEequehMWzKiICy2m1xt7QDstwNo4Rg9o8RLpHzZZKplj4TNodYF4Z5QdbmBB2XGSwyAphcMrCOe5fiLQExkA4KZ+ZfrIztBV0nTvHjki4ry6c6mIphxStFW9M+ZY+lqVLduX2mYmuAjytW3dwCdqi3hUPqo5gybW36eJZBRZYrGelpiGkvofxGgWtrS2+sRB8AvCvs9ZhjVZJ8x20TI0+8Q1MBpUA4z1liLjCvPl0iIB+UFQIomG/8Ajgmi65+1FY6+C/5iUirhd5QA+7+6Vk8VT8sBzSlned0XhYBmnpP8Ejfi9oJMn7Ro39iXrV/aB3MD5H8xWnsrFIDoq8sR4OKX0LBhUPG5U14vIMgdXizrcoq7If6SzHvqC4L0se0Nul6MN1CBR1QbHx7RgfOfsSD4rqle5iIaRezL5qQGoOVT7kpAg0LHs3KM7Ah9ypSnXml9kgYrVbqtV2QZUdNMoQ5HrkfNRFt3D2PwDASulBrzHUq5HICQu1krNQAo4q1ARxVGiMuIsNgnUu6zVxAVsbzYLeJnEQq16O/eJMXHkyrTbYJtz9ASmYSZgwYryPS/LKU53H2EuuB3T8kyfk4r166gopJ5H5hlEPLfkh6wZcC9zhi0sIFLB2luVadI/S2XsXmuVKZTkHNSmZS3BfqwB6JdyjaMOM6ik5r6xcrB0zGTKPVI2wV92MbJmVfzGSiujEMi71N7zqJ+4ltN7M2qHV+TLpd78y9FJK3b4al2x9s5gVqjiJ2MCd68SgzU8Q9EmM4iDS18yhjQLvgJ9xKOazsUHB7Bl6p2IszQGctZfj3jGAKBcOv9AgrEiaYWDoiT3hTdAs6PKvxEK5Up8MSlsuhj7vzKIG6rPez4lge3a/dDPG8Vfqh8yhbTQfwv8Teo6H/OWL1Na9n9y+qhtrfdO0DEfzA8nugRsa4EIVokXe0htOrdHk8sOG1ZWMgdYGwfFNCzeKW7OkfzBZejfZz3i6VV4LBlRttXPFQqCjpFGsunJcDVmHndgXWLqxRxKX3+AAih5xcr7bllYxBQ1wfvEUi2sroPSOShrOemiVaQ8A/EWGiH93CqRLlHuy0E2seYpj2FNuvKhoo1Vt/wJkEs5NAZWwJXD16sFJ3GWJjnUD8m32lTb7pLOrMKH9oxyPrKzh9WVM27w5b2lbfHWkmXb4qL1vtLOr4mtA9I85CcE0DutGo0aV4pljWTjWoNir1mbCVBC1C+Zi3i98zNynxFtgxKtA9JSGxIXzeghHP5k828j05GNHKuVC0Z24K6EZHa/QLaI0QsAlo/AfKygbX+0IIthyfuFT1dCIeloRs14wHqUzCYvBT2aTJ7qWPWyOU0+Qj0awQq1hvqoPqm7L+Y+ZYHP9iPxEblg/yBFnSq35USWZjgCuui38ShS3wBw/eKhgiKMiz3GKsWKONojS298aqdC8WvA1YcTA5FTRDHRZ/aWxKqd1VnkdBUY8MCgA0DuaXdbYnIE8gWKwN1SRKJbhOrqI0Gh2IVJTQhTlrfO+sCbPECAjfVN4qL4hQFVwHWCCb+uoGGnH+CxG/9S0QKnZ4D6KykKagOoAbVN0nJ2lfGU7DW2qcVxGEgDQn7QOUR2gxdnepC2x1STAc6OiFxILJsvr4j0DDCN8+hArfWW/6mFWjtbGNeX+2OVtXb+0bNnufmKGgTeYexg9WMwh6MpxVb1UOQa8EOY1xqFY9Cgr1PMUcfOkEseublaxy6uphL6O5huVWYOlNy5bTkusSpMFhZ3C4C8sgex17wRf2xJXQc4Lh04dYHhfqBiDdfuQGLvrNW2NZiyoy+jVx9bDqupbtPZLzaD6QqujEr2uo46o6jvJVX33FxW2aM+kpuILaHD/ukNeYoyM45bvOC+YCcyCdIoUxVlHiFHOZanC8arGIB0OWuO3yt45aekfyDMuxWOmNzk+slNhGQH3rMMBneZ8q4Hk072XDDaFay+hLrMtaEx+YU4n+rl+mvWWs2L2g/4CKsie5ERZGjsSq1zr8JK8e8rue8ovKJ2ih/SFAtdAlRKv8AdNEXlclD6Ck0QmeB5Q+kKrwDg0Goy4plA0+jKxw+rEcA9GADhV3iAhS+jUAYXaLTb7JXYo7EWZv3WJORXiPVY8VGvNksOWfaBIJ3dJiIVOSNCi55TmWM2BHFUveCNHXjmGwWe9Sg09L1HN0VWjmK947xQ4xgNoLxWoOqgwC6s8TMd+mIynfrU2WbqUgQj2isK3jEuKv2ajtI9LgjHsTXK/ELukMwjxKtwRC+UTmFryQV1eYexWvoD32R+LTtwcj2mu38TFWcNodPWFBo
    wnChrnnDay5AJMjgmHQGDWqDCpsA5279mOPs2Z07j9u2oIpTqWj+d7T4ivMJpot2EyX7R5RXhyvdjxPif6IFfH5mUxTuwF9HiXfeeNlFPiMrarNnm2z2Y4iO6n4qVmD3U+8DUIrimfmXtza3l2B90iVzj9CEJWWKF11hzuulwZZg9vWnLvGi8EDqqqgBp+8M+M9mNSgzquewRNL7S5eOuINd2O0rdTtFNgldyZNnvE8r7CQVKtS5qjzbC6ilM3bAcjVYvEFrfVQurJOnMwyVPnEByDndSlstawxa5uysMAsV0U/3MYMZtlKET0irtx0rUoko1zUXrWNRJTATBiz0lW6McIXUcR+RTEmrXpqYSwpxKQs3t3cVDNI7grXSCDGNmnhcrrh5lJVdnbEZNsnEUQ+Sco74lZiC0mXDnh6RCaOK/iKtiOUXSdVp9IHJBRQfa0KSDdwCVnynpM6wwLQdn9PeA1YKwh6BG6Y6Bcdsyth8sfzNrV8R4C5QCPPWXbgDlQ8FQfCGaF3dIlXg2h/cp2S8JkIgucuxw3iZQLo4sdO6LzBMHO1DL2wcQNuArH5hLlbtTHjtGAt5ymIMt1T5lQpDrqYJvsbqM2KPRqW3VmqIIODDgxNAJZ0jVrp52h4xZV0wJwC9pUoTjNShb5RuLTDSagDt4WYAO2W5R0vbDTMBsLwRGZMWZgaCDj/ssL6AgbSHNj9QF2DbFCIqx0QiVptiuIrqi3oIiIo5yXHNWDpjcesZ665lau2FywDL4lZWnv07x+qL1eLm3Ly3mOy6c3iU4nWIxMHwGpsDXOn1g2UXi61LWgcdHMcV2DOWofEabC6j3KTv8Ra29sBUqNBerLhHIJxWZkIFqUEsW8cRKkHisR1xtZajQAIcWju0Ot8WlFB0wjbCHaJYskpbpTpADATldvbpBXQGrenZrrCKSwu614gGiJlMjxBLRueTP/ZQUDPKn0gRrSB/NX/qm0B2SyveVAM6nArxE4C2WwJyBuKmCmIfKtOYUAI+JTBbzEFAPxLNG07N3KiYWVWDMIKBn1/MMbPgGYnyaZa6wbcwuyPmDKQZ3CCAHzGuHvgmYC3iYNAHwwIYNmsMDgKOpT7zPF+JSCHrcSoejZ+Jcy4rFGhjKBPNBiMRujwIMoPICtQQUGaZflbiXBXVKLYgVMuwi+zVGjT5gWhES1iEpO4TjCtUYmSXk4xqKyj1xGyja+ekyQoR6xbGmKy8wbULQtLCk3jfSCRd27uYaFXQe80FssZltbIaquYikNVQ8MyYcbSINgrAr0cy5eurxqVEoU7WIcQ66UwhSW1oXMxMPDAA058QMXHcRgLLyi79pstV1SJFwh4lIUnarmDQDrAx1cHEaNg1tYuuV7lV7eCB2BI0YF1cEBg5PvDKB1lMnvBpoRb3km5SHnEBQC2rdX0iYih4MJwFneqh38uBgypzTU7ofUqLEO/NQDYo9cIDxAhRUAQZRsgrxeOuIZ5fCWGGiyyoGQ/UT5JRRR6lR8QkaHVvXbEEi7HqhFcvfMsSkusmYAAd7uIdpi7X7zVuga4gu6duBKkEjhS2Gi2vDmXRbacswqFAbcwITL9tLlLuzZy3XSXtRspvf/I5LZT/ALiNcKS6Y3SWWij6ZlDoKafeb3cHEQVK65ihVW6jUZ6LIMoKovC0/Erg3YEv1lGFBbuZpQbq/vBWqHZbOZddzpZmExJzZeP3N0At2NXE7qvCn7R1Uqw4+YKyFutRBHfLHvD+UsURxIzm81ncoNFd5zxLFFs1qLtlN0OYUC/c+0cLF6v+oUJg4oEIylFtuvmZBNPOWJsRa0qCwIhqlz5ghFXmpx0iTUrmn9TU3wT/ALNQF6zxKKGmr7xxBvBcc51pCvvFQUdQ5mQX1AxALBtCFYzS+jFPUCP+uF0BjgVVFNF12IxDyF+0StLXJZhm4BqkMEQ0MNtXHNoKzGXZrZhB04l3UoZVrSwwaivJSbINEoYqJgPUy4pILp/UFoVwdYKhKra2JE0BB5Cl65nVtc3r0lvCmIDkVYLHrBhd+3SUqtqWl+Y0iKGktgAD1DXxC9cZ4fuJiI5rk6ZzM6UzFyTtMpl3ZwSkouMjq4cMvYrMvg9wFe0Tey62GUwQFdvxUQ0D1IkcjqbcwHShxvMHRFMk1BO4LKmOAOFfiFINjpWI1K1KyKG/EQZebP8AcxYtO63PzEh2c4JdKArrfeZJgNmbhEal9JjUQZw4igq20cJpldhax6w8lX1bHaDhbLNNf9gM01m+fExGeK3UrqpFW3HeWQPRYW5zy9FuieEaaLmOAXnTL2Da8tPpUsyAN429ZxwI58xIXrNgblI3DoEZws6GJ5hZRT1Ko95VqYGBZrvBEKQyt/MQA3MLG/SpdhrcagwOnupiDNwjMFKZjHOfMXeot1drgWzffcoAVbppIFhPUrHO5U+dbhluthbp+ILC2NOZRovqpgWIUy3QqAki/McScrBBuAotKnjEo0b1RYRhG4OOQ+
    sACjl6PmWFZ6shYx5Ici2ayAlMOO/HpLTIMAN+kG0t2jTAEi0zj7xfHj+IBh0a6xFgt6MnjvKcslbKi9bk5ynpBpV6qK8xuFNYL9mEnUudfzEUiuaW6liREth69IoClGaqr7QpWaZc5j4s6HtMYgNnR0h34wAsJinzh6LF0IzkxVwbdhhOIAFDoXZ+o5QgL5PzMcVC2Jv9RDdABULlGVqqeH2iVIXWMalBEtm+HrUtJdrvUqUrgVlYXU9LvLjz+IVgncU13uCtoY1j8ICQVsVV+4rtbW+DAggOSG/WciD6GWdWXriWoHhSfaapi1eT57zUaVvbM5GeFXPvE0d7VqdOzExDF4bNVADTTjIf9+YL2W26qOio2WTvRLiyGtn9QN+BGDY98Rq5M2pkvxPeC4qKjODk/qKKMMsqw9ojVV2DKFhDDC1LCme6GLgVYycTKgmi5U85larHUHp3mwU1tMEzWdjpzmAgQxWCpWoC76yqKuAxlgiLauChkOskAXI+mJYNN5xUQKg5pEakfQfuCLJ2yqXAodaL/qL0QOFhKys2pxtMBRTRnMy0gmM4ywOcRx+hIDoUaK+ISkC75/5HGjBMlntGMy1p4ekWbHIjda6wSjZkd5hgB3W8s5g4rdelCtUIpVP2iNjbu9TiQcCr8RusPa/cuVYOFE1FRlfACDgiCjYfEsK9RRVkILd5obEQ
    LeldPEwxDeUOPmCjS1059FTIkOuyIEQcrd3UKO0WsXf56wooKs5dMRCjszk7Ri6jkBfzKrIaYQlQ+OWGHW41PDvdXriI6V
    TWB7ysMHu7l/IDkjMtSzQlogIFmykQwrnNP/JsfwESghN3gP3LCW3irg9ieeL/AORuUDqR6ysBPqpmYQrDKZdF5MX8REqh
    0DRFJI4LH5goOd0pSRLuXutfaAF1yxm+0bqqmNtkTnKa1jriOzJq7/zG/j1rHHGZnpa6QGJUIDmxDxHWZ+/tCFrRQ31lcU
    m7TLHgitJy3Htg6K4je4Bto5iAWW2cV1ltYmShxmXTI+C4CzQeNnrDLsOVZ9I4WhtbagIBW26NsaUE3tcKki8/7ULMLtV6
    8wY9y3dwe6/ECwblOj1qPZXw22/eIC0dXkC/Ms8jxHMEKEYSh8RV8ySAGsnIttestgaKGRm7Tin81EBtFYs90C0UGtiX1x
    mECJ4AQ4pG430QWcDLQVfFx5pffIdqgapTZgsrcaFP3PHSJSw2HTMRu0WltzNAHOMYO0bWKFkN+CEsWVmy3L/sRmFFHHTEAAoXiPZCKfUCk9ICXeDJ+pmwA3QMfqZcbD4qJZZpLbTxBATrWqOlQMd63Z/u0oGVTSlejDE2pdIftHXixTJzBa3HJv34h0agVn84HYLmgLlEYeHEUUZODp46xRDtA+xGxc7cvXzLalW8bv2jeVOQ1jdwM8MYG7hg2N7WvSIAMC7XVxWfpjNnyZlwsPyWV7RJfDqydL6xMXkYrUSGHFCUX3hJbKW5q/mZRYC7f9c1BKY/b/ahUwCcGuniYhzLIlu9nWWNwVEVcpRpBd+vEQcl96ohUKYc2EI9QxdYYgadVyOkCC/esFQbvk/KoIbAGLoXAKcFeVQLGpLMN12lkSh1FXUbpW823V6i6ANAq7YmhVSmGUFu3VCsHMAOZbsrNwoALu3IfaDFqyp6L1lYAqqt2lZo51y8domCDPdjUWCixYrX+/MYW6xnmADZiimOkR0cmRL95jzNrbWOtSqka5tc+OIqYLLoqxvNsKqL0KXmIK90LZan1jtuU6Ao5YqigNOq7MaxnN0X9xAK3Ci84+ZhgtbNt/jiWgL2rtgwqzso+yeDW269kblNdjXm4pjZ1X57xCCLS0OYgIoFYAQBpL5QoDzCcOXArZYUrLljvc333RvkgKNjg2mvWOgEbuwxMzrusrD1jRZkBoQPrw1DQZTywl7Xt7c9JW6qFzRvpANitOKrGP1Lrxb1cy4EsFJkJSoSqwAqLFYjk4CFBUeLsGKkWFilwZeQwv8ArrFrRYL3wQpXgBg9AuJQPUK0S5BW8LcuVshK485lCEyOSLPSxV1z8cwAItW1TOfvEqDv8kaAuhyIotLK0/JJkLAXnS94rQkZATT3YrBYMi49poF8DQ8XAjIB4pctAFTSV5gW7lR2UFVYdMLBCgyPS3tHaFusYgCwvOdxiGyjdR/vWESJU5ePaBRHQYB45rvHSUF19oN8yQvybhhnefrENbSwxq47QGC3LF5lbYb3TVVf6lqLuAD9d4ORzLsfeISijkveOmYBuKNuYMnYP6llAcu+fMoAF2bPX9TAGk5K/UstQotJ7VKyWy1xUtIWm13/AK4FbCw2kVuLxZNB26x4tgOC2jjz+o2RxZjOIh7wrFmokrItW1v+owpLKGGTvHDootn46THJpheKags6uDBPEyO0tepoeS4nIugtDHWJV0ws8ePWAYyGW6UrULS0DZYv7xy2tzv7y2FsOTvHVS7vi+PxDNqwc9SZwJUO6ZdRkGsxACRbb+IhRyW6l6QSkq/tCLpapq0mFYEY6vWFlKxpdRCnsIiczgRLp3nmUUKFgtPX5nflvetSzNbysquYhqF3ricg0ctmeKg2BVlV/qhCYhV7y0zQKvHmCVmgNZj2g04f3BSkBgPM0oXrWY8KbCXW4gsMkf/Z');
